"TSID","MSRP","Seating","Doors","Width","Height","Length","Wheelbase","Front_Head_Rm_in","Front_leg_room_IN","Front_shoulder_room_IN","Rear_head_room_IN","Rear leg room_IN","Rear shoulder room_IN","Fuel_Type","Engine_Type_Fuel","Fuel_Tank_Capacity_gal","Range_City_miles","Range_Hwy_miles","Mileage_City","Mileage_Hwy","Pass_Vol","Curb_weight","Cargo_Capacity_CUFT","Drive_Type","Transmission","Engine_Size","CAM_Type","Engine_Type","Cylinders","Engine_Valves","Engine_Torque_FTLBS","Engine_Torque_RPM","Horsepower","Horsepower (RPM)","Turning_circleFT","SmallOLFront","ModerateOLFront","Side","Roof","HeadRestraintsSeats","FrontCrashOPrev","Customer_Rating","Fuel","Insurance","Financing","State_Fees","Maintenance","Repairs","Depreciation"
136,"32490","5","4",70.00,57.20,182.80,104.40,38.20,41.20,55.20,37.10,38.10,53.60,"Premium","Hybrid",11.90,499.80,571.20,42,48,105.40,3312,11.30,"FWD","7-speed automatic",1.40,"DOHC","Inline","4","16","184","1000","170","5000",36.40,"G","G","G","G","G","BASIC",8.30,"8447.4","2924.1","1949.4","1949.4","1624.5","1299.6","14295.6"
158,"26485","5","4",70.70,58.10,181.00,105.70,39.30,42.30,54.80,37.90,35.40,53.90,"Diesel","Diesel",15.60,421.20,717.60,27,46,107.90,3471,13.30,"FWD","6-speed automatic",2.00,"DOHC","Inline","4","16","258","2000","148","4000",35.70,"M","G","G","G","G","NOT AVAILABLE",8.40,"6886.1","2383.65","1589.1","1589.1","1324.25","1059.4","11653.4"
160,"22460","5","4",70.00,57.20,183.30,104.40,37.00,41.20,55.20,37.00,38.10,53.60,"Diesel","Diesel",14.50,449.50,667.00,31,46,108.10,3241,15.70,"FWD","6-speed manual",2.00,"DOHC","Inline","4","20","236","1750","150","3500",36.40,"G","G","G","G","G","BASIC",8.30,"5839.6","2021.4","1347.6","1347.6","1123","898.4","9882.4"
175,"23560","5","4",70.00,57.20,183.30,104.40,37.00,41.20,55.20,37.00,38.10,53.60,"Diesel","Diesel",14.50,449.50,652.50,31,45,108.10,3296,15.70,"FWD","6-speed automatic",2.00,"DOHC","Inline","4","20","236","1750","150","3500",36.40,"G","G","G","G","G","BASIC",8.30,"6125.6","2120.4","1413.6","1413.6","1178","942.4","10366.4"
231,"36815","5","4",72.20,58.50,191.60,110.40,38.30,42.40,56.90,37.80,39.10,57.00,"Diesel","Diesel",18.50,555.00,814.00,30,44,117.90,3408,15.90,"FWD","6-speed manual",2.00,"DOHC","Inline","4","16","236","1750","150","3500",36.40,"A","G","G","G","G","NOT AVAILABLE",8.60,"9571.9","3313.35","2208.9","2208.9","1840.75","1472.6","16198.6"
260,"14930","5","4",65.60,59.40,148.80,96.50,39.10,41.70,51.70,37.30,34.00,51.00,"Regular","Gas",9.20,340.40,404.80,37,44,103.30,2029,17.20,"FWD","CVT",1.20,"DOHC","Inline","3","12","74","4000","74","6000",30.20,"P","G","G","G","G","NOT AVAILABLE",9.40,"3881.8","1343.7","895.8","895.8","746.5","597.2","6569.2"
331,"19900","5","4",69.90,57.30,182.60,106.30,38.30,42.30,54.80,37.10,41.40,54.80,"Regular","Gas",13.20,396.00,554.40,30,42,110.50,2855,13.00,"FWD","CVT",1.80,"DOHC","Inline","4","16","126","4000","140","6100",35.60,"M","G","G","G","G","NOT AVAILABLE",8.20,"5174","1791","1194","1194","995","796","8756"
354,"29945","5","4",72.20,58.50,191.60,110.40,38.30,42.40,56.90,37.80,39.10,57.00,"Diesel","Diesel",18.50,555.00,777.00,30,42,117.90,3497,15.90,"FWD","6-speed automatic",2.00,"DOHC","Inline","4","16","236","1750","150","3500",36.40,"A","G","G","G","G","NOT AVAILABLE",8.60,"7785.7","2695.05","1796.7","1796.7","1497.25","1197.8","13175.8"
380,"13830","5","4",65.60,59.40,148.80,96.50,39.10,41.70,51.70,37.30,34.00,51.00,"Regular","Gas",9.20,312.80,386.40,34,42,103.30,1973,17.20,"FWD","5-speed manual",1.20,"DOHC","Inline","3","12","74","4000","74","6000",30.20,"P","G","G","G","G","NOT AVAILABLE",9.40,"3595.8","1244.7","829.8","829.8","691.5","553.2","6085.2"
391,"21490","5","4",72.00,57.70,183.90,106.40,38.60,42.20,58.20,37.00,35.30,56.10,"Regular","Gas",13.20,369.60,541.20,28,41,110.30,3191,13.10,"FWD","6-speed manual",1.40,"SOHC","Inline","4","16","184","2500","160","5500",36.50,"A","G","G","G","G","NOT AVAILABLE",8.20,"5587.4","1934.1","1289.4","1289.4","1074.5","859.6","9455.6"
395,"17765","5","4",70.70,57.30,180.30,106.30,38.60,42.20,57.20,37.60,35.80,54.40,"Regular","Gas",13.20,382.80,541.20,29,41,108.70,2854,12.40,"FWD","6-speed manual",2.00,"DOHC","Inline","4","16","150","4000","155","6000",34.80,"G","G","G","G","G","ADVANCED",9.00,"4618.9","1598.85","1065.9","1065.9","888.25","710.6","7816.6"
398,"18665","5","4",70.70,57.30,180.30,106.30,38.60,42.20,57.20,37.60,35.80,54.40,"Regular","Gas",13.20,382.80,541.20,29,41,108.70,2869,12.40,"FWD","6-speed manual",2.00,"DOHC","Inline","4","16","150","4000","155","6000",34.80,"G","G","G","G","G","ADVANCED",8.90,"4852.9","1679.85","1119.9","1119.9","933.25","746.6","8212.6"
405,"19715","5","4",70.70,57.30,180.30,106.30,38.60,42.20,57.20,37.60,35.80,54.40,"Regular","Gas",13.20,396.00,541.20,30,41,108.70,2930,12.40,"FWD","6-speed automatic",2.00,"DOHC","Inline","4","16","150","4000","155","6000",34.80,"G","G","G","G","G","ADVANCED",8.90,"5125.9","1774.35","1182.9","1182.9","985.75","788.6","8674.6"
406,"18815","5","4",70.70,57.30,180.30,106.30,38.60,42.20,57.20,37.60,35.80,54.40,"Regular","Gas",13.20,396.00,541.20,30,41,108.70,2918,12.40,"FWD","6-speed automatic",2.00,"DOHC","Inline","4","16","150","4000","155","6000",34.80,"G","G","G","G","G","ADVANCED",9.00,"4891.9","1693.35","1128.9","1128.9","940.75","752.6","8278.6"
413,"25615","4","2",71.20,58.50,168.40,100.00,39.40,41.30,55.30,37.10,31.40,49.00,"Diesel","Diesel",14.50,449.50,594.50,31,41,100.50,3190,15.40,"FWD","6-speed manual",2.00,"DOHC","Inline","4","16","236","1750","150","4000",35.40,"M","G","G","G","G","NOT AVAILABLE",7.90,"6659.9","2305.35","1536.9","1536.9","1280.75","1024.6","11270.6"
414,"26715","4","2",71.20,58.50,168.40,100.00,39.40,41.30,55.30,37.10,31.40,49.00,"Diesel","Diesel",14.50,449.50,594.50,31,41,100.50,3241,15.40,"FWD","6-speed automatic",2.00,"DOHC","Inline","4","16","236","1750","150","4000",35.40,"M","G","G","G","G","NOT AVAILABLE",7.90,"6945.9","2404.35","1602.9","1602.9","1335.75","1068.6","11754.6"
469,"18500","5","4",70.00,57.20,183.30,104.40,38.20,41.20,55.20,37.10,38.10,55.20,"Regular","Gas",14.50,406.00,565.50,28,39,109.80,3025,15.70,"FWD","5-speed manual",1.40,"DOHC","Inline","4","16","184","1400","150","5000",36.40,"G","G","G","G","G","ADVANCED",8.30,"4810","1665","1110","1110","925","740","8140"
503,"18985","5","4",68.30,59.70,173.10,99.40,38.70,41.80,53.40,37.80,34.60,53.00,"Regular","Gas",12.20,353.80,488.00,29,40,105.20,2806,14.90,"FWD","6-speed manual",1.40,"DOHC","Inline","4","16","148","2500","138","4900",36.10,"G","G","G","G","G","BASIC",8.60,"4936.1","1708.65","1139.1","1139.1","949.25","759.4","8353.4"
570,"26815","5","4",72.00,57.10,190.70,110.00,40.00,45.50,57.30,37.60,34.70,55.70,"Regular","Hybrid",17.20,619.20,688.00,36,40,113.00,3496,10.80,"FWD","6-speed automatic",2.40,"DOHC","Inline","4","16","235","1000","199","5500",35.80,"A","G","G","G","G","NOT AVAILABLE",9.10,"6971.9","2413.35","1608.9","1608.9","1340.75","1072.6","11798.6"
579,"32190","5","5",69.50,57.30,171.20,102.40,38.30,42.10,53.90,37.00,32.90,52.60,"Regular unleaded","Gas",12.00,511.70,476.00,43,40,100.40,3130,14.30,"FWD","CVT",1.80,"DOHC","Hybrid","4","16","142","4000","134","5200",34.20,"G","G","G","G","G","ADVANCED",9.30,"8369.4","2897.1","1931.4","1931.4","1609.5","1287.6","14163.6"
602,"18315","5","4",70.10,56.30,179.50,106.30,39.10,42.20,56.10,37.30,35.90,54.90,"Regular","Gas",13.20,343.20,514.80,26,39,111.10,2844,14.90,"FWD","6-speed automatic",1.80,"DOHC","Inline","4","16","130","4700","145","6500",34.80,"M","G","G","G","G","NOT AVAILABLE",8.80,"4761.9","1648.35","1098.9","1098.9","915.75","732.6","8058.6"
603,"18525","5","4",70.10,56.30,179.50,106.30,39.10,42.20,56.10,37.30,35.90,54.90,"Regular","Gas",13.00,343.20,514.80,26,39,111.10,2844,14.90,"FWD","6-speed automatic",1.80,"DOHC","Inline","4","16","130","4700","145","6500",34.80,"M","G","G","G","G","NOT AVAILABLE",8.80,"4816.5","1667.25","1111.5","1111.5","926.25","741","8151"
609,"28225","5","4",72.00,57.80,191.90,109.30,40.00,45.00,56.40,37.10,36.10,56.40,"Regular","Gas",18.00,396.00,576.00,22,32,117.30,3412,15.40,"FWD","CVT",3.50,"DOHC","V","6","16","251","4000","270","6000",37.40,"G","G","G","G","G","SUPERIOR",7.80,"7338.5","2540.25","1693.5","1693.5","1411.25","1129","12419"
611,"19600","5","4",70.00,57.20,183.30,104.40,38.20,41.20,55.20,37.10,38.10,55.20,"Regular","Gas",14.50,406.00,565.50,28,39,109.80,3025,15.70,"FWD","6-speed automatic",1.40,"DOHC","Inline","4","16","184","1400","150","5000",36.40,"G","G","G","G","G","ADVANCED",8.30,"5096","1764","1176","1176","980","784","8624"
632,"25715","5","4",70.70,57.30,180.30,106.30,37.60,42.20,57.20,37.50,35.80,54.40,"Regular","Gas",13.20,369.60,514.80,28,39,108.70,3001,12.40,"FWD","6-speed automatic",2.50,"DOHC","Inline","4","16","185","3250","184","5700",34.80,"G","G","G","G","G","ADVANCED",9.00,"6685.9","2314.35","1542.9","1542.9","1285.75","1028.6","11314.6"
649,"17315","5","4",69.30,58.90,182.10,106.30,39.40,42.50,54.70,36.70,37.40,53.90,"Regular","Gas",13.20,396.00,514.80,29,39,95.90,2855,15.10,"FWD","CVT",1.80,"DOHC","Inline","4","16","128","3600","130","6000",34.80,"G","G","G","G","G","NOT AVAILABLE",7.80,"4501.9","1558.35","1038.9","1038.9","865.75","692.6","7618.6"
661,"20125","2","4",69.00,56.50,179.40,105.10,39.00,42.00,56.60,37.10,36.20,53.30,"Regular","Gas",13.20,396.00,514.80,30,39,107.10,2811,12.50,"FWD","CVT",1.80,"SOHC","Inline","4","16","129","4300","143","6500",35.40,"G","G","G","G","G","BASIC",8.70,"5232.5","1811.25","1207.5","1207.5","1006.25","805","8855"
754,"37485","5","4",72.20,57.50,195.30,111.00,37.60,42.10,58.20,37.90,39.20,57.00,"Regular","Hybrid",17.00,680.00,663.00,40,39,116.30,3594,14.00,"FWD","CVT",2.50,"DOHC","Inline","4","16","156","4500","200","5700",40.00,"G","G","G","G","G","SUPERIOR",8.40,"9746.1","3373.65","2249.1","2249.1","1874.25","1499.4","16493.4"
755,"37305","5","4",72.20,57.50,195.30,111.00,37.60,42.10,58.20,37.00,39.20,57.00,"Regular","Hybrid",17.00,680.00,663.00,40,39,116.30,3638,14.00,"FWD","CVT",2.50,"DOHC","Inline","4","16","156","4500","200","5700",40.00,"G","G","G","G","G","BASIC",8.40,"9699.3","3357.45","2238.3","2238.3","1865.25","1492.2","16414.2"
766,"27625","5","4",71.70,57.90,190.90,109.30,38.80,41.60,58.00,38.10,38.90,56.60,"Regular","Hybrid",17.00,731.00,663.00,43,39,115.80,3485,13.10,"FWD","6-speed automatic",2.50,"DOHC","Inline","4","16","156","4500","200","5700",36.70,"G","G","G","G","G","ADVANCED",8.40,"7182.5","2486.25","1657.5","1657.5","1381.25","1105","12155"
767,"27625","5","4",71.70,57.90,190.90,109.30,38.80,41.60,58.00,38.10,38.90,56.60,"Regular","Hybrid",17.00,731.00,663.00,43,39,115.80,3485,13.10,"FWD","CVT",2.50,"DOHC","Inline","4","16","156","4500","200","5700",36.70,"G","G","G","G","G","ADVANCED",8.40,"7182.5","2486.25","1657.5","1657.5","1381.25","1105","12155"
774,"23260","5","4",72.20,58.50,191.90,110.40,38.30,42.40,56.90,37.80,39.10,57.00,"Regular","Flex-fuel",18.50,462.50,703.00,25,38,117.90,3263,15.90,"FWD","6-speed automatic",1.80,"DOHC","Inline","4","16","184","1500","170","4800",36.40,"G","G","G","G","G","ADVANCED",8.60,"6047.6","2093.4","1395.6","1395.6","1163","930.4","10234.4"
778,"34890","5","4",73.40,58.40,182.50,109.30,39.30,41.90,57.00,38.30,33.50,55.20,"Regular","Gas",17.80,462.80,676.40,26,38,112.60,3433,12.00,"FWD","8-speed automatic",2.00,"DOHC","Inline","4","16","258","1500","240","5600",37.70,"G","G","G","G","G","SUPERIOR",8.80,"9071.4","3140.1","2093.4","2093.4","1744.5","1395.6","15351.6"
783,"19890","5","4",70.70,58.10,181.00,105.70,39.30,42.30,54.80,37.90,35.40,53.90,"Regular","Gas",15.60,405.60,592.80,26,38,109.60,3084,15.00,"FWD","6-speed manual",1.40,"DOHC","Inline","4","16","148","1850","138","4900",35.70,"M","G","G","G","G","NOT AVAILABLE",8.40,"5171.4","1790.1","1193.4","1193.4","994.5","795.6","8751.6"
787,"20920","5","4",70.70,58.10,181.00,105.70,39.30,42.30,54.80,37.90,35.40,53.90,"Regular","Gas",15.60,405.60,592.80,26,38,109.60,3118,15.00,"FWD","6-speed automatic",1.40,"DOHC","Inline","4","16","148","1850","138","4900",35.70,"M","G","G","G","G","NOT AVAILABLE",8.40,"5439.2","1882.8","1255.2","1255.2","1046","836.8","9204.8"
796,"23815","5","4",72.40,57.10,191.50,111.40,38.40,42.20,57.10,37.10,38.70,55.50,"Regular","Gas",16.40,426.40,623.20,26,38,114.50,3250,14.80,"FWD","6-speed automatic",2.50,"DOHC","Inline","4","16","185","3250","184","5700",36.70,"G","G","G","G","G","SUPERIOR",9.30,"6191.9","2143.35","1428.9","1428.9","1190.75","952.6","10478.6"
799,"23715","5","4",72.40,57.10,191.50,111.40,38.40,42.20,57.10,37.10,38.70,55.50,"Regular","Gas",16.40,426.40,623.20,26,38,114.50,3232,14.80,"FWD","6-speed automatic",2.50,"DOHC","Inline","4","16","185","3250","184","5700",36.70,"A","G","G","G","G","ADVANCED",9.30,"6165.9","2134.35","1422.9","1422.9","1185.75","948.6","10434.6"
802,"14990","5","4",67.70,57.30,172.00,101.20,40.00,43.80,53.10,37.60,31.10,52.10,"Regular","Gas",11.00,307.80,433.20,27,38,102.10,2656,13.70,"FWD","6-speed manual",1.60,"DOHC","Inline","4","16","123","4850","138","6300",33.50,"M","G","A","G","G","NOT AVAILABLE",8.00,"3897.4","1349.1","899.4","899.4","749.5","599.6","6595.6"
809,"15580","5","4",66.90,57.10,172.00,101.20,39.90,41.80,53.70,37.20,33.30,53.40,"Regular","Gas",11.40,307.80,433.20,27,38,103.40,2480,13.70,"FWD","6-speed manual",1.60,"DOHC","Inline","4","16","123","4850","137","6300",34.10,"P","G","A","G","G","NOT AVAILABLE",8.40,"4050.8","1402.2","934.8","934.8","779","623.2","6855.2"
813,"15570","5","4",66.90,57.10,172.00,101.20,39.90,41.80,53.70,37.20,33.30,53.40,"Regular","Gas",11.40,307.80,433.20,27,38,103.40,2480,13.70,"FWD","6-speed manual",1.60,"DOHC","Inline","4","16","123","4850","137","6300",34.10,"P","G","A","G","G","NOT AVAILABLE",8.40,"4048.2","1401.3","934.2","934.2","778.5","622.8","6850.8"
817,"23135","5","4",72.00,57.90,191.50,109.30,40.00,45.00,56.40,37.10,36.10,56.40,"Regular","Gas",18.00,486.00,684.00,27,38,101.90,3177,15.40,"FWD","CVT",2.50,"DOHC","Inline","4","16","180","4000","182","6000",36.10,"A","G","G","G","G","NOT AVAILABLE",7.80,"6015.1","2082.15","1388.1","1388.1","1156.75","925.4","10179.4"
826,"27575","5","4",69.00,56.50,179.40,105.10,39.00,42.00,56.60,37.10,36.20,53.30,"CNG","CNG",8.00,216.00,304.00,27,38,100.70,2933,6.10,"FWD","5-speed automatic",1.80,"SOHC","Inline","4","16","106","4300","110","6500",35.40,"G","G","G","G","G","BASIC",8.70,"7169.5","2481.75","1654.5","1654.5","1378.75","1103","12133"
844,"24100","5","4",73.40,58.10,191.10,110.40,40.40,45.50,57.90,38.00,35.60,56.50,"Regular","Gas",18.50,518.00,703.00,28,38,122.40,3270,16.30,"FWD","7-speed automatic",1.60,"DOHC","Inline","4","16","195","1500","177","5500",35.80,"A","G","G","G","G","BASIC",8.40,"6266","2169","1446","1446","1205","964","10604"
848,"19075","5","4",69.90,56.30,179.10,106.30,40.00,43.60,55.90,37.10,33.10,54.80,"Regular","Gas",12.80,358.40,486.40,28,38,110.40,2818,14.80,"FWD","6-speed automatic",1.80,"DOHC","Inline","4","16","130","4700","145","6500",34.80,"A","G","G","G","G","NOT AVAILABLE",8.10,"4959.5","1716.75","1144.5","1144.5","953.75","763","8393"
851,"19400","5","4",69.90,57.30,182.60,106.30,38.30,42.30,54.80,37.10,41.40,54.80,"Regular","Gas",13.20,382.80,501.60,29,38,110.50,2855,13.00,"FWD","CVT",1.80,"DOHC","Inline","4","16","128","4400","132","6000",35.60,"M","G","G","G","G","NOT AVAILABLE",8.20,"5044","1746","1164","1164","970","776","8536"
857,"18465","5","4",69.30,58.90,182.10,106.30,39.40,42.50,54.70,36.70,37.40,53.90,"Regular","Gas",13.20,382.80,501.60,29,38,111.00,2857,15.10,"FWD","CVT",1.80,"DOHC","Inline","4","16","128","3600","130","6000",34.80,"G","G","G","G","G","BASIC",7.80,"4800.9","1661.85","1107.9","1107.9","923.25","738.6","8124.6"
930,"44390","5","4",73.30,58.80,191.10,111.60,37.80,41.90,57.40,38.30,35.00,56.30,"Regular","Gas",18.50,462.50,684.50,25,37,112.60,3719,14.90,"FWD","8-speed automatic",2.00,"DOHC","Inline","4","16","258","1500","240","5600",36.70,"G","G","G","G","G","SUPERIOR",9.30,"11541.4","3995.1","2663.4","2663.4","2219.5","1775.6","19531.6"
933,"41425","5","4",73.30,58.80,191.00,111.60,37.80,41.90,57.40,38.30,35.00,56.30,"Regular","Gas",18.50,481.00,703.00,26,38,112.60,3545,14.90,"FWD","8-speed automatic",2.00,"DOHC","Inline","4","16","258","1500","240","5600",36.70,"G","G","G","G","G","SUPERIOR",9.20,"10770.5","3728.25","2485.5","2485.5","2071.25","1657","18227"
935,"21715","5","4",70.00,57.20,183.30,104.40,38.20,41.20,55.20,37.10,38.10,55.20,"Regular","Gas",14.50,362.50,536.50,25,37,109.80,3047,15.70,"FWD","5-speed manual",1.80,"DOHC","Inline","4","16","184","1500","170","4800",36.40,"G","G","G","G","G","ADVANCED",8.30,"5645.9","1954.35","1302.9","1302.9","1085.75","868.6","9554.6"
936,"19815","5","4",70.00,57.20,183.30,104.40,38.20,41.20,55.20,37.10,38.10,53.60,"Regular","Gas",14.50,362.50,536.50,25,37,109.80,3047,15.70,"FWD","5-speed manual",1.80,"DOHC","Inline","4","16","184","1500","170","4800",36.40,"G","G","G","G","G","BASIC",8.30,"5151.9","1783.35","1188.9","1188.9","990.75","792.6","8718.6"
937,"20915","5","4",70.00,57.20,183.30,104.40,38.20,41.20,55.20,37.10,38.10,53.60,"Regular","Gas",14.50,362.50,536.50,25,37,109.80,3124,15.70,"FWD","6-speed automatic",1.80,"DOHC","Inline","4","16","184","1500","170","4800",36.40,"G","G","G","G","G","BASIC",8.30,"5437.9","1882.35","1254.9","1254.9","1045.75","836.6","9202.6"
952,"22315","5","4",72.40,57.10,191.50,111.40,38.40,42.20,57.10,37.10,38.70,55.50,"Regular","Gas",16.40,410.00,606.80,25,37,114.50,3179,14.80,"FWD","6-speed manual",2.50,"DOHC","Inline","4","16","185","3250","184","5700",36.70,"G","G","G","G","G","SUPERIOR",9.60,"5801.9","2008.35","1338.9","1338.9","1115.75","892.6","9818.6"
953,"24665","5","4",70.70,57.30,180.30,106.30,37.60,42.20,57.20,37.50,35.80,54.40,"Regular","Gas",13.20,330.00,488.40,25,37,108.70,2947,12.40,"FWD","6-speed manual",2.50,"DOHC","Inline","4","16","185","3250","184","5700",34.80,"G","G","G","G","G","ADVANCED",9.00,"6412.9","2219.85","1479.9","1479.9","1233.25","986.6","10852.6"
955,"22565","5","4",72.40,57.10,191.50,111.40,38.40,42.20,57.10,37.10,38.70,55.50,"Regular","Gas",16.40,410.00,606.80,25,37,114.50,3183,14.80,"FWD","6-speed manual",2.50,"DOHC","Inline","4","16","185","3250","184","5700",36.70,"A","G","G","G","G","ADVANCED",9.30,"5866.9","2030.85","1353.9","1353.9","1128.25","902.6","9928.6"
956,"16715","5","4",70.10,56.30,179.50,106.30,39.10,42.20,56.10,37.30,35.90,54.90,"Regular","Gas",13.20,330.00,488.40,25,37,111.10,2804,14.90,"FWD","6-speed manual",1.80,"DOHC","Inline","4","16","130","4700","145","6500",34.80,"M","G","G","G","G","NOT AVAILABLE",8.80,"4345.9","1504.35","1002.9","1002.9","835.75","668.6","7354.6"
958,"16815","5","4",70.10,56.30,179.50,106.30,39.10,42.20,56.10,37.30,35.90,54.90,"Regular","Gas",13.00,330.00,488.40,25,37,111.10,2804,14.90,"FWD","6-speed manual",1.80,"DOHC","Inline","4","16","130","4700","145","6500",34.80,"M","G","G","G","G","NOT AVAILABLE",8.80,"4371.9","1513.35","1008.9","1008.9","840.75","672.6","7398.6"
959,"25565","5","4",70.70,57.30,180.30,106.30,37.60,42.20,57.20,37.60,35.80,54.40,"Regular","Gas",13.20,330.00,488.40,25,37,108.70,2947,12.40,"FWD","6-speed manual",2.50,"DOHC","Inline","4","16","185","3250","184","5700",34.80,"G","G","G","G","G","ADVANCED",8.90,"6646.9","2300.85","1533.9","1533.9","1278.25","1022.6","11248.6"
961,"21975","5","4",73.40,58.10,191.10,110.40,40.40,45.50,57.90,38.00,35.60,56.50,"Regular","Gas",18.50,462.50,684.50,25,37,122.40,3252,16.30,"FWD","6-speed automatic",2.40,"DOHC","Inline","4","16","178","4000","185","6000",35.80,"A","G","G","G","G","BASIC",8.40,"5713.5","1977.75","1318.5","1318.5","1098.75","879","9669"
970,"16570","5","4",66.90,57.10,172.00,101.20,39.90,41.80,53.70,37.20,33.30,53.40,"Regular","Gas",11.40,296.40,421.80,26,37,103.40,2546,13.70,"FWD","6-speed automatic",1.60,"DOHC","Inline","4","16","123","4850","137","6300",34.10,"P","G","A","G","G","NOT AVAILABLE",8.40,"4308.2","1491.3","994.2","994.2","828.5","662.8","7290.8"
971,"16133","5","4",66.90,57.10,172.00,101.20,39.90,41.80,53.70,37.20,33.30,53.40,"Regular","Gas",11.40,293.40,421.80,26,37,103.40,2546,13.70,"FWD","6-speed automatic",1.60,"DOHC","Inline","4","16","123","4850","137","6300",34.10,"P","G","A","G","G","NOT AVAILABLE",8.40,"4194.58","1451.97","967.98","967.98","806.65","645.32","7098.52"
985,"20430","5","4",68.30,59.70,173.10,99.40,38.70,41.80,53.40,37.80,34.60,53.00,"Regular","Gas",12.20,329.40,451.40,27,37,105.20,2806,14.90,"FWD","6-speed automatic",1.40,"DOHC","Inline","4","16","148","1850","138","4900",36.10,"G","G","G","G","G","BASIC",8.60,"5311.8","1838.7","1225.8","1225.8","1021.5","817.2","8989.2"
999,"14815","5","4",67.70,57.30,171.90,101.20,40.00,43.80,53.10,37.60,31.10,52.10,"Regular","Gas",11.40,307.80,421.80,27,37,102.10,2494,13.70,"FWD","6-speed manual",1.60,"DOHC","Inline","4","16","123","4850","138","6300",33.50,"M","G","A","G","G","NOT AVAILABLE",8.00,"3851.9","1333.35","888.9","888.9","740.75","592.6","6518.6"
1011,"16015","5","4",67.70,57.30,171.90,101.20,40.00,43.80,53.10,37.60,31.10,52.10,"Regular","Gas",11.40,307.80,421.80,27,37,102.10,2573,13.70,"FWD","6-speed automatic",1.60,"DOHC","Inline","4","16","123","4850","138","6300",33.50,"M","G","A","G","G","NOT AVAILABLE",8.00,"4163.9","1441.35","960.9","960.9","800.75","640.6","7046.6"
1012,"18085","5","4",69.90,56.30,179.10,106.30,40.00,43.60,55.90,37.10,33.10,54.80,"Regular","Gas",12.80,345.60,473.60,27,37,110.40,2773,14.80,"FWD","6-speed manual",1.80,"DOHC","Inline","4","16","130","4700","145","6500",34.80,"A","G","G","G","G","NOT AVAILABLE",8.10,"4702.1","1627.65","1085.1","1085.1","904.25","723.4","7957.4"
1024,"18075","5","4",69.90,56.30,179.10,106.30,40.00,43.60,55.90,37.10,33.10,54.80,"Regular","Gas",12.80,345.60,473.60,27,37,110.40,2773,14.80,"FWD","6-speed manual",1.80,"DOHC","Inline","4","16","130","4700","145","6500",34.80,"A","G","G","G","G","NOT AVAILABLE",8.10,"4699.5","1626.75","1084.5","1084.5","903.75","723","7953"
1031,"19990","5","4",68.50,57.70,180.50,104.10,39.80,43.50,55.60,37.10,35.40,54.20,"Regular","Gas",14.50,406.00,536.50,28,37,108.90,3032,12.00,"AWD","CVT",2.00,"DOHC","Flat","4","16","145","4200","148","6200",34.80,"G","G","G","G","G","SUPERIOR",8.30,"5197.4","1799.1","1199.4","1199.4","999.5","799.6","8795.6"
1037,"17785","5","4",69.90,57.30,182.60,106.30,38.30,42.30,54.80,37.10,41.40,54.80,"Regular","Gas",13.20,369.60,488.40,28,37,110.50,2800,13.00,"FWD","6-speed manual",1.80,"DOHC","Inline","4","16","128","4400","132","6000",35.60,"M","G","G","G","G","NOT AVAILABLE",8.20,"4624.1","1600.65","1067.1","1067.1","889.25","711.4","7825.4"
1042,"20090","5","4",68.50,57.70,180.50,104.10,39.80,43.50,55.60,37.10,35.40,54.20,"Regular","Gas",14.50,406.00,536.50,28,37,108.90,3032,12.00,"AWD","CVT",2.00,"DOHC","Flat","4","16","145","4200","148","6200",34.80,"G","G","G","G","G","SUPERIOR",8.30,"5223.4","1808.1","1205.4","1205.4","1004.5","803.6","8839.6"
1043,"18065","5","4",69.90,57.30,182.60,106.30,38.30,42.30,54.80,37.10,41.40,54.80,"Regular","Gas",13.20,369.60,488.40,28,37,110.50,2800,13.00,"FWD","6-speed manual",1.80,"DOHC","Inline","4","16","128","4400","132","6000",35.60,"M","G","G","G","G","NOT AVAILABLE",8.20,"4696.9","1625.85","1083.9","1083.9","903.25","722.6","7948.6"
1090,"15730","5","2",66.70,59.40,155.50,98.80,39.30,40.60,52.50,37.60,33.30,51.80,"Regular","Gas",11.10,333.00,410.70,30,37,99.70,2315,15.30,"FWD","5-speed manual",1.50,"DOHC","Inline","4","16","103","4200","106","6000",31.50,"G","G","G","A","M","NOT AVAILABLE",8.70,"4089.8","1415.7","943.8","943.8","786.5","629.2","6921.2"
1147,"22795","5","4",73.60,54.90,192.30,108.00,38.70,42.20,58.50,37.40,37.60,56.70,"Regular or E85","Flex-fuel",15.80,363.40,568.80,23,36,115.90,3473,16.00,"FWD","9-speed automatic",2.40,"SOHC","Inline","4","16","173","4600","184","6250",39.20,"G","G","G","G","G","SUPERIOR",8.00,"5926.7","2051.55","1367.7","1367.7","1139.75","911.8","10029.8"
1151,"22990","5","4",73.60,54.90,192.30,108.00,38.70,42.20,58.50,37.40,37.60,56.70,"Regular or E85","Flex-fuel",15.80,363.40,568.80,23,36,115.90,3473,16.00,"FWD","9-speed automatic",2.40,"SOHC","Inline","4","16","173","4600","184","6250",39.20,"G","G","G","G","G","SUPERIOR",8.00,"5977.4","2069.1","1379.4","1379.4","1149.5","919.6","10115.6"
1160,"23260","5","4",72.20,58.50,191.60,110.40,38.30,42.40,56.90,37.80,39.10,57.00,"Regular","Gas",18.50,444.00,666.00,24,36,117.90,3230,15.90,"FWD","6-speed automatic",1.80,"DOHC","Inline","4","16","184","1500","170","4800",36.40,"A","G","G","G","G","NOT AVAILABLE",8.60,"6047.6","2093.4","1395.6","1395.6","1163","930.4","10234.4"
1192,"22815","5","4",70.00,57.20,183.30,104.40,38.20,41.20,55.20,37.10,38.10,55.20,"Regular","Gas",14.50,362.50,522.00,25,36,109.80,3124,15.70,"FWD","6-speed automatic",1.80,"DOHC","Inline","4","16","184","1500","170","4800",36.40,"G","G","G","G","G","ADVANCED",8.30,"5931.9","2053.35","1368.9","1368.9","1140.75","912.6","10038.6"
1199,"16995","5","4",70.70,58.10,181.00,105.70,39.30,42.30,54.80,37.90,35.40,53.90,"Regular","Gas",15.60,390.00,561.60,25,36,109.60,3118,15.00,"FWD","6-speed manual",1.80,"DOHC","Inline","4","16","125","3800","138","6300",35.70,"M","G","G","G","G","NOT AVAILABLE",8.40,"4418.7","1529.55","1019.7","1019.7","849.75","679.8","7477.8"
1200,"17490","5","4",72.00,57.70,183.90,106.40,38.60,42.20,58.20,37.00,35.30,56.10,"Regular","Gas",14.20,355.00,511.20,25,36,110.30,3186,13.10,"FWD","6-speed manual",2.00,"DOHC","Inline","4","16","148","4600","160","6400",36.50,"A","G","G","G","G","NOT AVAILABLE",8.20,"4547.4","1574.1","1049.4","1049.4","874.5","699.6","7695.6"
1202,"28840","5","4",70.60,55.60,181.90,105.10,38.00,42.30,55.60,35.90,34.00,53.50,"Premium","Gas",13.20,330.00,475.20,25,36,89.30,8918,12.30,"FWD","8-speed automatic",2.40,"DOHC","Inline","4","16","180","3600","201","6800",36.80,"G","G","G","G","G","SUPERIOR",8.60,"7498.4","2595.6","1730.4","1730.4","1442","1153.6","12689.6"
1204,"16995","5","4",70.70,58.10,181.00,105.70,39.30,42.30,54.80,37.90,35.40,53.90,"Regular","Gas",15.60,390.00,561.60,25,36,109.60,3084,15.00,"FWD","6-speed manual",1.80,"DOHC","Inline","4","16","125","3800","138","6300",35.70,"M","G","G","G","G","NOT AVAILABLE",8.40,"4418.7","1529.55","1019.7","1019.7","849.75","679.8","7477.8"
1205,"23290","5","4",73.00,57.60,191.50,107.80,39.00,42.10,57.50,37.50,36.80,57.10,"Regular","Gas",15.80,395.00,568.80,25,36,116.00,3393,16.30,"FWD","6-speed automatic",2.50,"DOHC","Inline","4","16","191","4400","196","6300",37.40,"G","G","G","G","G","BASIC",8.10,"6055.4","2096.1","1397.4","1397.4","1164.5","931.6","10247.6"
1225,"20215","5","4",70.10,56.30,179.50,106.30,39.10,42.20,56.10,37.30,35.90,54.90,"Regular","Gas",13.20,330.00,475.20,25,36,111.10,2906,14.90,"FWD","6-speed automatic",2.00,"DOHC","Inline","4","16","154","4700","173","6500",34.80,"M","G","G","G","G","NOT AVAILABLE",8.80,"5255.9","1819.35","1212.9","1212.9","1010.75","808.6","8894.6"
1228,"22540","5","4",72.40,59.00,188.80,108.30,40.00,42.90,58.10,37.00,38.10,57.30,"Regular","Gas",18.50,481.00,666.00,26,36,119.60,3468,15.00,"AWD","CVT",2.50,"DOHC","Flat","4","16","174","4000","175","5800",36.80,"G","G","G","G","G","SUPERIOR",8.20,"5860.4","2028.6","1352.4","1352.4","1127","901.6","9917.6"
1235,"22490","5","4",72.40,59.00,188.80,108.30,40.00,42.90,58.10,37.00,38.10,57.30,"Regular","Gas",18.50,481.00,666.00,26,36,119.60,3468,15.00,"AWD","CVT",2.50,"DOHC","Flat","4","16","174","4000","175","5800",36.80,"G","G","G","G","G","SUPERIOR",8.30,"5847.4","2024.1","1349.4","1349.4","1124.5","899.6","9895.6"
1266,"18385","5","4",69.90,57.30,182.60,106.30,38.30,42.30,54.80,37.10,41.40,54.80,"Regular","Gas",13.20,356.40,475.20,27,36,110.50,2820,13.00,"FWD","4-speed automatic",1.80,"DOHC","Inline","4","16","128","4400","132","6000",35.60,"M","G","G","G","G","NOT AVAILABLE",8.20,"4780.1","1654.65","1103.1","1103.1","919.25","735.4","8089.4"
1267,"18665","5","4",69.90,57.30,182.60,106.30,38.30,42.30,54.80,37.10,41.40,54.80,"Regular","Gas",13.20,356.40,475.20,27,36,110.50,2820,13.00,"FWD","4-speed automatic",1.80,"DOHC","Inline","4","16","128","4400","132","6000",35.60,"M","G","G","G","G","NOT AVAILABLE",8.20,"4852.9","1679.85","1119.9","1119.9","933.25","746.6","8212.6"
1286,"12825","5","4",66.70,59.60,175.40,102.40,39.80,41.80,51.70,36.60,37.00,51.90,"Regular","Gas",10.80,291.60,388.80,27,36,105.10,2363,14.90,"FWD","5-speed manual",1.60,"DOHC","Inline","4","16","107","4400","109","6000",34.80,"P","G","G","G","G","NOT AVAILABLE",7.60,"3334.5","1154.25","769.5","769.5","641.25","513","5643"
1299,"17315","5","4",69.30,58.90,182.10,106.30,39.40,42.50,54.70,36.70,37.40,53.90,"Regular","Gas",13.20,356.40,475.20,27,36,95.90,3855,15.10,"FWD","6-speed manual",1.80,"DOHC","Inline","4","16","128","3600","130","6000",34.80,"G","G","G","G","G","NOT AVAILABLE",7.80,"4501.9","1558.35","1038.9","1038.9","865.75","692.6","7618.6"
1300,"17615","5","4",69.30,58.90,182.10,106.30,39.40,42.50,54.70,36.70,37.40,53.90,"Regular","Gas",13.20,356.40,475.20,27,36,111.00,2848,15.10,"FWD","6-speed manual",1.80,"DOHC","Inline","4","16","128","3600","130","6000",34.80,"G","G","G","G","G","BASIC",7.80,"4579.9","1585.35","1056.9","1056.9","880.75","704.6","7750.6"
1313,"15180","5","4",71.60,58.10,173.50,98.00,39.10,42.20,52.70,37.10,31.20,49.00,"Regular","Gas",12.40,347.20,446.40,28,36,97.90,2578,12.80,"FWD","5-speed manual",1.60,"DOHC","Inline","4","16","112","5000","120","6350",34.40,"M","G","G","G","G","NOT AVAILABLE",7.50,"3946.8","1366.2","910.8","910.8","759","607.2","6679.2"
1340,"19325","5","4",69.00,56.50,179.40,105.10,39.00,42.00,56.60,37.10,36.20,53.30,"Regular","Gas",13.20,369.60,475.20,28,36,107.10,2754,12.50,"FWD","5-speed manual",1.80,"SOHC","Inline","4","16","129","4300","143","6500",35.40,"G","G","G","G","G","BASIC",8.70,"5024.5","1739.25","1159.5","1159.5","966.25","773","8503"
1352,"45305","5","4",71.80,56.80,188.30,112.20,39.50,44.50,56.70,36.80,35.10,56.10,"Premium","Hybrid",17.80,516.20,640.80,29,36,100.00,3913,9.40,"RWD","7-speed automatic",3.50,"DOHC","V","6","24","258","5000","360","6500",36.70,"A","G","G","G","G","SUPERIOR",8.10,"11779.3","4077.45","2718.3","2718.3","2265.25","1812.2","19934.2"
1359,"16830","5","4",66.70,59.40,155.50,98.80,39.30,40.60,52.50,37.60,33.30,51.80,"Regular","Gas",11.10,333.00,399.60,30,36,100.70,2335,15.60,"FWD","4-speed automatic",1.50,"DOHC","Inline","4","16","103","4200","106","6000",31.50,"G","G","G","A","M","NOT AVAILABLE",8.70,"4375.8","1514.7","1009.8","1009.8","841.5","673.2","7405.2"
1412,"19995","5","4",72.00,57.70,183.90,106.40,38.60,42.20,58.20,37.00,35.30,56.10,"Regular","Gas",14.20,312.40,497.00,22,35,110.30,3297,13.10,"FWD","6-speed manual",2.40,"SOHC","Inline","4","16","171","4800","184","6250",36.50,"A","G","G","G","G","NOT AVAILABLE",8.20,"5198.7","1799.55","1199.7","1199.7","999.75","799.8","8797.8"
1414,"19695","5","4",70.70,58.10,181.00,105.70,39.30,42.30,54.80,37.90,35.40,53.90,"Regular","Gas",15.60,343.20,546.00,22,35,109.60,3097,15.00,"FWD","6-speed automatic",1.80,"DOHC","Inline","4","16","125","3800","138","6300",3537.00,"M","G","G","G","G","NOT AVAILABLE",8.40,"5120.7","1772.55","1181.7","1181.7","984.75","787.8","8665.8"
1422,"24790","5","4",72.00,57.70,183.90,106.40,38.60,42.20,58.20,37.00,35.30,56.10,"Regular","Gas",14.20,326.60,497.00,23,35,110.30,3348,13.10,"FWD","6-speed automatic",2.40,"SOHC","Inline","4","16","171","4800","184","6250",3635.00,"A","G","G","G","G","NOT AVAILABLE",8.20,"6445.4","2231.1","1487.4","1487.4","1239.5","991.6","10907.6"
1432,"32635","5","4",73.00,57.00,190.30,109.30,37.20,42.60,57.50,36.70,34.50,55.40,"Premium","Gas",17.20,512.80,602.00,24,35,93.30,3749,13.20,"FWD","8-speed automatic",2.40,"DOHC","Inline","4","16","182","4500","206","6800",39.20,"M","G","G","G","G","SUPERIOR",8.00,"8485.1","2937.15","1958.1","1958.1","1631.75","1305.4","14359.4"
1433,"16982","5","4",70.60,55.60,179.09,105.10,38.00,42.30,55.60,35.90,34.10,53.50,"Premium Unleaded (Required)","Flex-fuel",13.20,316.80,462.00,24,35,101.60,2955,12.30,"FWD","5-speed automatic",2.00,"SOHC","Inline","4","16","140","4300","150","6500",36.10,"G","G","G","G","G","NOT AVAILABLE",8.40,"4415.32","1528.38","1018.92","1018.92","849.1","679.28","7472.08"
1436,"22160","5","4",72.20,58.50,191.60,110.40,38.30,42.40,56.90,37.80,39.10,57.00,"Regular","Gas",18.50,444.00,647.50,24,35,117.90,3172,15.90,"FWD","5-speed manual",1.80,"DOHC","Inline","4","16","184","1500","170","4800",36.40,"A","G","G","G","G","NOT AVAILABLE",8.60,"5761.6","1994.4","1329.6","1329.6","1108","886.4","9750.4"
1440,"27990","5","4",70.60,55.60,179.10,105.10,38.00,42.30,55.60,35.90,34.00,53.50,"Premium","Gas",13.20,316.80,462.00,24,35,101.60,2955,12.30,"FWD","5-speed automatic",2.00,"SOHC","Inline","4","16","140","4300","150","6500",36.10,"G","G","G","G","G","NOT AVAILABLE",8.40,"7277.4","2519.1","1679.4","1679.4","1399.5","1119.6","12315.6"
1442,"20335","5","4",70.60,55.60,179.10,105.10,37.90,42.30,55.60,35.90,34.00,53.50,"Premium","Gas",13.20,316.80,462.00,24,35,101.70,2910,12.40,"FWD","5-speed automatic",2.00,"SOHC","Inline","4","16","140","4300","150","6500",36.10,"G","G","G","G","G","NOT AVAILABLE",8.40,"5287.1","1830.15","1220.1","1220.1","1016.75","813.4","8947.4"
1443,"32385","5","4",73.00,57.00,190.30,109.30,37.20,42.60,57.50,36.70,34.50,55.40,"Premium","Gas",17.20,412.80,602.00,24,35,106.50,3483,13.20,"FWD","8-speed automatic",2.40,"DOHC","Inline","4","16","182","4500","206","6800",39.20,"A","G","G","G","G","SUPERIOR",8.00,"8420.1","2914.65","1943.1","1943.1","1619.25","1295.4","14249.4"
1468,"23425","5","4",69.90,56.30,179.10,106.30,40.00,43.60,55.90,37.10,33.10,54.80,"Regular","Gas",13.20,316.80,462.00,24,35,110.40,2923,14.80,"FWD","6-speed automatic",2.00,"DOHC","Inline","4","16","154","4700","173","6500",34.80,"A","G","G","G","G","NOT AVAILABLE",8.10,"6090.5","2108.25","1405.5","1405.5","1171.25","937","10307"
1470,"19085","5","4",69.90,56.30,179.10,106.30,40.00,43.60,55.90,37.10,33.10,54.80,"Regular","Gas",12.80,258.40,486.40,28,38,110.40,2818,14.80,"FWD","6-speed automatic",1.80,"DOHC","Inline","4","16","130","4700","145","6500",34.80,"A","G","G","G","G","NOT AVAILABLE",8.10,"4962.1","1717.65","1145.1","1145.1","954.25","763.4","8397.4"
1473,"23905","5","4",71.70,57.90,190.90,109.30,38.80,41.60,58.00,38.10,38.90,56.60,"Regular","Gas",17.00,425.00,595.00,25,35,118.10,3240,15.40,"FWD","6-speed automatic",2.50,"DOHC","Inline","4","16","170","4100","178","6000",36.70,"G","G","G","G","G","ADVANCED",8.40,"6215.3","2151.45","1434.3","1434.3","1195.25","956.2","10518.2"
1475,"23805","5","4",71.70,57.90,190.90,109.30,38.80,41.60,58.00,38.10,38.90,56.60,"Regular","Gas",17.00,425.00,595.00,25,35,118.10,3240,15.40,"FWD","6-speed automatic",2.50,"DOHC","Inline","4","16","170","4100","178","6000",36.70,"G","G","G","G","G","ADVANCED",8.40,"6189.3","2142.45","1428.3","1428.3","1190.25","952.2","10474.2"
1490,"16245","5","4",68.30,59.70,173.10,99.40,38.70,41.80,53.40,37.80,34.60,53.00,"Regular","Gas",12.20,305.00,427.00,25,35,105.20,2727,14.90,"FWD","6-speed automatic",1.80,"DOHC","Inline","4","16","125","3800","138","6300",34.50,"G","G","G","G","G","BASIC",8.60,"4223.7","1462.05","974.7","974.7","812.25","649.8","7147.8"
1545,"14995","5","4",68.30,59.70,173.10,99.40,38.70,41.80,53.40,37.80,34.60,53.00,"Regular","Gas",12.20,317.20,427.00,26,35,105.20,2727,14.90,"FWD","5-speed manual",1.80,"DOHC","Inline","4","16","125","3800","138","6300",34.50,"G","G","G","G","G","BASIC",8.60,"3898.7","1349.55","899.7","899.7","749.75","599.8","6597.8"
1560,"14325","5","4",66.70,59.60,175.40,102.40,39.80,41.80,51.70,36.60,37.00,51.90,"Regular","Gas",10.80,280.80,378.00,26,35,105.10,2421,14.90,"FWD","4-speed automatic",1.60,"DOHC","Inline","4","16","107","4400","109","6000",34.80,"P","G","G","G","G","NOT AVAILABLE",7.60,"3724.5","1289.25","859.5","859.5","716.25","573","6303"
1590,"25460","5","2",72.80,57.70,191.40,109.30,39.10,42.50,58.60,37.50,38.50,56.50,"Regular","Gas",17.20,447.20,602.00,26,35,109.30,3252,13.70,"FWD","CVT",2.40,"DOHC","Inline","4","16","181","3900","185","6400",37.60,"G","G","G","G","G","SUPERIOR",8.20,"6619.6","2291.4","1527.6","1527.6","1273","1018.4","11202.4"
1691,"19430","5","4",69.40,58.30,182.10,103.70,39.60,42.30,54.70,36.90,36.10,54.30,"Regular","Gas",15.50,418.50,542.50,27,35,105.80,2954,12.30,"FWD","CVT",2.00,"DOHC","Inline","4","16","145","4200","148","6000",32.80,"A","G","G","G","G","NOT AVAILABLE",8.70,"5051.8","1748.7","1165.8","1165.8","971.5","777.2","8549.2"
1712,"47105","5","4",71.80,57.20,188.30,112.20,39.50,44.50,56.70,36.80,35.10,56.10,"Premium","Hybrid",17.80,498.40,623.00,28,35,100.00,4085,9.40,"AWD","7-speed automatic",3.50,"DOHC","V","6","24","258","5000","360","6500",37.40,"A","G","G","G","G","SUPERIOR",8.10,"12247.3","4239.45","2826.3","2826.3","2355.25","1884.2","20726.2"
1810,"36260","5","4",73.00,57.00,190.30,109.30,37.20,42.60,57.50,36.70,34.50,55.40,"Premium","Gas",17.20,361.20,584.80,21,34,93.30,3749,13.20,"FWD","9-speed automatic",3.50,"SOHC","V","6","24","267","4500","290","6200",38.80,"M","G","G","G","G","SUPERIOR",8.00,"9427.6","3263.4","2175.6","2175.6","1813","1450.4","15954.4"
1811,"42515","5","4",73.00,57.00,190.30,109.30,37.20,42.60,57.50,36.70,34.50,55.40,"Premium","Gas",17.20,361.20,584.80,21,34,93.30,3620,14.30,"AWD","9-speed automatic",3.50,"SOHC","V","6","24","267","4500","290","6200",38.80,"M","G","G","G","G","SUPERIOR",8.00,"11053.9","3826.35","2550.9","2550.9","2125.75","1700.6","18706.6"
1813,"36260","5","4",73.00,57.00,190.30,109.30,37.20,42.60,57.50,36.70,34.50,55.40,"Premium","Gas",17.20,361.20,584.80,21,34,106.50,3585,13.20,"FWD","9-speed automatic",3.50,"SOHC","V","6","24","267","4500","290","6200",38.80,"A","G","G","G","G","SUPERIOR",8.00,"9427.6","3263.4","2175.6","2175.6","1813","1450.4","15954.4"
1862,"19245","5","4",70.00,57.20,183.30,104.40,38.20,41.20,55.20,37.10,38.10,53.60,"Regular","Gas",14.50,333.50,493.00,23,34,109.80,2941,15.70,"FWD","6-speed automatic",2.00,"SOHC","Inline","4","8","125","4000","115","5200",36.40,"G","G","G","G","G","BASIC",8.30,"5003.7","1732.05","1154.7","1154.7","962.25","769.8","8467.8"
1877,"51195","5","4",73.20,57.60,193.40,116.90,40.50,41.40,58.30,38.30,35.30,56.20,"Premium","Gas",18.50,425.50,629.00,23,34,116.00,3814,14.00,"RWD","8-speed automatic",2.00,"DOHC","Inline","4","16","260","1450","240","5000",39.40,"M","G","G","G","G","SUPERIOR",8.30,"13310.7","4607.55","3071.7","3071.7","2559.75","2047.8","22525.8"
1905,"22940","5","4",72.80,57.70,192.50,109.30,39.10,42.50,58.60,37.50,38.50,56.50,"Regular","Gas",17.20,395.60,584.80,23,34,119.00,3170,15.80,"FWD","6-speed manual",2.40,"DOHC","Inline","4","16","181","3900","185","6400",38.10,"G","G","G","G","G","SUPERIOR",8.20,"5964.4","2064.6","1376.4","1376.4","1147","917.6","10093.6"
1911,"22665","5","4",72.10,57.10,190.70,110.00,40.00,45.50,57.30,37.60,34.70,55.70,"Regular","Gas",18.50,425.50,629.00,23,34,117.60,3237,15.40,"FWD","6-speed automatic",2.40,"DOHC","Inline","4","16","181","4250","192","6300",35.80,"A","G","G","G","G","NOT AVAILABLE",9.10,"5892.9","2039.85","1359.9","1359.9","1133.25","906.6","9972.6"
1969,"21085","5","4",69.90,56.30,179.10,106.30,40.00,43.60,55.90,37.10,33.10,54.80,"Regular","Gas",13.20,316.80,448.80,24,34,110.40,2890,14.80,"FWD","6-speed manual",2.00,"DOHC","Inline","4","16","154","4700","173","6500",34.80,"A","G","G","G","G","NOT AVAILABLE",8.10,"5482.1","1897.65","1265.1","1265.1","1054.25","843.4","9277.4"
1971,"22425","5","4",69.90,56.30,179.10,106.30,40.00,43.60,55.90,37.10,33.10,54.80,"Regular","Gas",13.20,316.80,448.80,24,34,110.40,2890,14.80,"FWD","6-speed manual",2.00,"DOHC","Inline","4","16","154","4700","173","6500",34.80,"A","G","G","G","G","NOT AVAILABLE",8.10,"5830.5","2018.25","1345.5","1345.5","1121.25","897","9867"
1977,"24610","5","2",72.80,57.70,191.40,109.30,39.10,42.50,58.60,37.50,38.50,56.50,"Regular","Gas",17.20,412.80,584.80,24,34,119.00,3192,15.80,"FWD","6-speed manual",2.40,"DOHC","Inline","4","16","181","3900","185","6400",37.60,"G","G","G","G","G","SUPERIOR",8.20,"6398.6","2214.9","1476.6","1476.6","1230.5","984.4","10828.4"
1989,"19090","5","4",68.50,57.70,180.50,104.10,39.80,43.50,55.60,37.10,35.40,54.20,"Regular","Gas",14.50,362.50,493.00,25,34,108.90,2955,12.00,"AWD","5-speed manual",2.00,"DOHC","Flat","4","16","145","4200","148","6200",34.80,"G","G","G","G","G","SUPERIOR",8.30,"4963.4","1718.1","1145.4","1145.4","954.5","763.6","8399.6"
1991,"17035","5","4",70.00,57.20,183.30,104.40,38.20,41.20,55.20,37.10,38.10,53.60,"Regular","Gas",14.50,362.50,493.00,25,34,109.80,2859,15.70,"FWD","5-speed manual",2.00,"SOHC","Inline","4","8","125","4000","115","5200",36.40,"G","G","G","G","G","BASIC",8.30,"4429.1","1533.15","1022.1","1022.1","851.75","681.4","7495.4"
1996,"20615","4","2",71.20,58.50,168.40,100.00,39.40,41.30,55.30,37.10,31.40,49.00,"Regular","Gas",14.50,362.50,493.00,25,34,100.50,3012,15.40,"FWD","6-speed automatic",1.80,"DOHC","Inline","4","16","184","1500","170","4800",35.40,"M","G","G","G","G","NOT AVAILABLE",7.90,"5359.9","1855.35","1236.9","1236.9","1030.75","824.6","9070.6"
1998,"22170","4","2",71.20,58.50,168.40,100.00,39.40,41.30,55.30,37.10,31.40,49.00,"Regular","Gas",14.50,348.00,493.00,24,34,100.50,2948,15.40,"FWD","5-speed manual",1.80,"DOHC","Inline","4","16","184","1500","170","4800",35.40,"M","G","G","G","G","NOT AVAILABLE",7.90,"5764.2","1995.3","1330.2","1330.2","1108.5","886.8","9754.8"
2011,"18990","5","4",68.50,57.70,180.50,104.10,39.80,43.50,55.60,37.10,35.40,54.20,"Regular","Gas",14.50,362.50,493.00,25,34,108.90,2955,12.00,"AWD","5-speed manual",2.00,"DOHC","Flat","4","16","145","4200","148","6200",34.80,"G","G","G","G","G","SUPERIOR",8.30,"4937.4","1709.1","1139.4","1139.4","949.5","759.6","8355.6"
2036,"18230","5","4",69.40,58.30,180.00,103.70,39.60,42.30,54.70,36.90,36.10,54.30,"Regular","Gas",15.50,387.50,527.00,25,34,105.80,2888,12.30,"FWD","5-speed manual",2.00,"DOHC","Inline","4","16","145","4250","148","6000",32.80,"A","G","G","G","G","NOT AVAILABLE",8.70,"4739.8","1640.7","1093.8","1093.8","911.5","729.2","8021.2"
2040,"39325","5","4",71.30,56.80,184.50,111.80,37.10,41.70,54.70,37.10,35.20,55.00,"Premium","Flex-fuel",18.00,450.00,312.00,25,34,88.20,3417,12.60,"RWD","7-speed automatic",2.00,"DOHC","Inline","4","16","273","1300","241","5550",36.80,"G","G","G","G","G","SUPERIOR",8.00,"10224.5","3539.25","2359.5","2359.5","1966.25","1573","17303"
2149,"19130","5","4",69.40,58.30,180.00,103.70,39.60,42.30,54.70,36.90,36.10,54.30,"Regular","Gas",15.50,403.00,527.00,26,34,105.80,2954,12.30,"FWD","CVT",2.00,"DOHC","Inline","4","16","145","4250","148","6000",32.80,"A","G","G","G","G","NOT AVAILABLE",8.70,"4973.8","1721.7","1147.8","1147.8","956.5","765.2","8417.2"
2206,"23600","5","4",70.40,61.70,161.70,102.20,39.90,40.40,52.80,37.50,33.80,52.10,"Premium","Gas",12.40,334.80,421.60,27,34,103.00,2954,16.50,"FWD","6-speed manual",1.60,"DOHC","Inline","4","16","114","4250","121","6000",38.10,"G","G","G","G","G","NOT AVAILABLE",8.10,"6136","2124","1416","1416","1180","944","10384"
2263,"64020","5","4",72.40,57.30,192.10,112.20,38.00,42.30,57.30,37.80,36.80,55.70,"Premium","Hybrid",17.40,504.60,591.60,29,34,112.00,4112,15.90,"RWD","CVT",3.50,"DOHC","V","6","24","257","4500","338","6000",36.80,"G","G","G","G","G","BASIC",9.00,"16645.2","5761.8","3841.2","3841.2","3201","2560.8","28168.8"
2376,"36085","5","4",73.40,58.20,194.10,112.20,37.90,44.30,57.70,36.50,37.00,55.30,"Regular","Gas",16.50,363.00,544.50,22,33,111.90,3719,15.40,"FWD","6-speed automatic",2.00,"DOHC","Inline","4","16","270","3000","231","5500",38.00,"A","G","G","G","G","BASIC",8.90,"9382.1","3247.65","2165.1","2165.1","1804.25","1443.4","15877.4"
2418,"27740","5","4",70.00,56.60,182.20,104.40,38.20,41.20,55.20,37.10,38.10,55.20,"Premium","Flex-fuel",14.50,333.50,478.50,23,33,109.80,3131,15.20,"FWD","6-speed manual",2.00,"DOHC","Inline","4","16","207","1700","210","5300",38.10,"G","G","G","G","G","ADVANCED",8.30,"7212.4","2496.6","1664.4","1664.4","1387","1109.6","12205.6"
2515,"28840","5","4",70.00,56.60,182.20,104.40,38.20,41.20,55.20,37.10,38.10,55.20,"Regular","Gas",14.50,348.00,478.50,24,33,109.80,3169,15.20,"FWD","6-speed automatic",2.00,"DOHC","Inline","4","16","207","1700","210","5300",38.10,"G","G","G","G","G","ADVANCED",8.30,"7498.4","2595.6","1730.4","1730.4","1442","1153.6","12689.6"
2587,"22085","5","4",69.90,56.30,179.10,106.30,40.00,43.60,55.90,37.10,33.10,54.80,"Regular","Gas",13.20,316.80,462.00,24,35,110.40,2923,14.80,"FWD","6-speed automatic",2.00,"DOHC","Inline","4","16","154","4700","173","6500",34.80,"A","G","G","G","G","NOT AVAILABLE",8.10,"5742.1","1987.65","1325.1","1325.1","1104.25","883.4","9717.4"
2613,"21015","4","2",71.20,58.50,168.40,100.00,39.40,41.30,55.30,37.10,31.40,49.00,"Regular","Gas",14.50,362.50,478.50,25,33,100.50,3012,15.40,"FWD","6-speed automatic",1.80,"DOHC","Inline","4","16","184","1500","170","4800",35.40,"M","G","G","G","G","NOT AVAILABLE",7.90,"5463.9","1891.35","1260.9","1260.9","1050.75","840.6","9246.6"
2911,"33860","5","4",73.00,55.80,188.90,106.70,37.40,41.60,56.00,36.60,41.60,56.00,"Premium","Gas",18.50,407.00,573.50,22,32,106.80,3369,13.20,"FWD","6-speed manual",2.00,"DOHC","Inline","4","16","207","1700","200","5100",37.40,"M","G","G","G","G","NOT AVAILABLE",8.90,"8803.6","3047.4","2031.6","2031.6","1693","1354.4","14898.4"
2912,"32435","5","4",73.00,55.80,189.10,106.70,37.40,41.60,56.00,36.60,37.30,54.70,"Premium","Gas",18.50,388.50,592.00,21,32,106.80,3358,13.20,"FWD","6-speed manual",2.00,"DOHC","Inline","4","16","207","1700","200","5100",37.40,"M","G","G","G","G","FCW NOT QUALIFIED",8.90,"8433.1","2919.15","1946.1","1946.1","1621.75","1297.4","14271.4"
2942,"31330","5","4",72.80,57.70,191.40,109.30,37.60,42.50,58.60,37.00,38.50,56.50,"Regular","Gas",17.20,361.20,584.80,21,34,116.30,3554,15.50,"FWD","6-speed automatic",3.50,"SOHC","V","6","24","252","4900","278","6200",38.10,"G","G","G","G","G","BASIC",8.20,"8145.8","2819.7","1879.8","1879.8","1566.5","1253.2","13785.2"
3077,"27285","5","4",72.00,58.10,191.50,109.30,40.00,45.00,56.40,37.10,36.10,56.40,"Regular","Gas",18.00,396.00,576.00,22,32,101.90,3379,15.40,"FWD","CVT",3.50,"DOHC","V","6","24","251","4400","270","6000",37.40,"A","G","G","G","G","NOT AVAILABLE",7.80,"7094.1","2455.65","1637.1","1637.1","1364.25","1091.4","12005.4"
3241,"29400","5","4",73.40,58.10,191.10,110.40,40.40,45.50,57.90,38.00,35.60,56.50,"Regular","Gas",18.50,425.50,592.00,23,32,122.40,3505,16.30,"FWD","6-speed automatic",2.00,"DOHC","Inline","4","16","260","1350","245","6000",35.80,"A","G","G","G","G","BASIC",8.40,"7644","2646","1764","1764","1470","1176","12936"
3512,"35509","5","4",74.40,57.70,196.10,112.20,37.60,42.30,59.60,36.90,38.80,57.00,"Premium","Hybrid",15.10,422.80,483.20,28,32,113.70,4312,11.60,"AWD","7-speed automatic",3.50,"SOHC","V","6","24","273","4700","377","6500",40.50,"G","G","G","G","G","ADVANCED",9.40,"9232.34","3195.81","2130.54","2130.54","1775.45","1420.36","15623.96"
3514,"60890","5","4",74.40,57.70,196.10,112.20,37.60,42.30,59.60,36.90,38.80,57.00,"Premium or Electricity","Hybrid",15.10,422.80,483.20,28,32,113.70,4312,11.60,"AWD","7-speed automatic",3.50,"SOHC","V","6","24","341","4700","377","6500",40.50,"G","G","G","G","G","SUPERIOR",9.40,"15831.4","5480.1","3653.4","3653.4","3044.5","2435.6","26791.6"
3521,"28990","5","4",75.00,58.20,198.40,120.20,38.60,41.80,59.50,36.60,40.10,57.90,"Regular","Gas",18.50,351.50,573.50,19,31,120.80,3934,16.50,"RWD","8-speed automatic",3.60,"DOHC","V","6","24","260","4800","292","6350",37.70,"M","G","G","G","G","SUPERIOR",9.10,"7537.4","2609.1","1739.4","1739.4","1449.5","1159.6","12755.6"
3525,"27990","5","4",73.10,58.40,190.20,107.80,38.80,42.10,56.70,36.80,37.30,54.40,"Regular or E85","Flex-fuel",18.00,342.00,558.00,19,31,111.10,3605,14.20,"FWD","6-speed automatic",2.40,"DOHC","Inline","4","16","172","4900","182","6700",38.10,"G","G","G","G","G","SUPERIOR",8.90,"7277.4","2519.1","1679.4","1679.4","1399.5","1119.6","12315.6"
3551,"28990","5","4",75.00,58.20,198.40,120.20,38.60,41.80,59.50,36.60,40.10,57.90,"Regular","Gas",18.50,351.50,573.50,19,31,120.80,3934,16.50,"RWD","8-speed automatic",3.60,"DOHC","V","6","24","260","4800","292","6350",37.30,"M","G","G","G","G","SUPERIOR",9.10,"7537.4","2609.1","1739.4","1739.4","1449.5","1159.6","12755.6"
3573,"33613","5","4",74.40,57.70,196.10,112.20,37.60,42.30,59.60,36.90,38.80,57.00,"Premium","Gas",18.50,370.00,573.50,20,31,117.00,3933,14.90,"FWD","6-speed automatic",3.50,"SOHC","V","6","24","272","4500","310","6500",40.50,"G","G","G","G","G","ADVANCED",9.40,"8739.38","3025.17","2016.78","2016.78","1680.65","1344.52","14789.72"
3574,"49390","5","4",74.40,57.70,196.10,112.20,37.60,42.30,59.60,36.90,38.80,57.00,"Premium","Gas",18.50,370.00,573.50,20,31,117.00,3933,19.90,"FWD","6-speed automatic",3.50,"SOHC","V","6","24","272","4500","310","6500",40.50,"G","G","G","G","G","ADVANCED",9.40,"12841.4","4445.1","2963.4","2963.4","2469.5","1975.6","21731.6"
3575,"51890","5","4",74.40,57.70,196.10,112.20,37.60,42.30,59.60,36.90,38.80,57.00,"Premium","Gas",18.50,370.00,573.50,20,31,117.00,3955,14.90,"FWD","6-speed automatic",3.50,"SOHC","V","6","24","272","4500","310","6500",40.50,"G","G","G","G","G","SUPERIOR",9.40,"13491.4","4670.1","3113.4","3113.4","2594.5","2075.6","22831.6"
3607,"28525","5","4",72.10,57.10,190.70,110.00,40.00,45.50,57.30,37.60,34.70,55.70,"Regular","Gas",18.50,370.00,573.50,20,31,117.60,3468,15.40,"FWD","6-speed automatic",2.00,"DOHC","Inline","4","16","269","1650","274","6000",35.80,"A","G","G","G","G","NOT AVAILABLE",9.10,"7416.5","2567.25","1711.5","1711.5","1426.25","1141","12551"
3609,"32205","5","4",71.70,57.90,190.90,109.30,37.90,41.60,58.00,38.00,38.90,56.60,"Regular","Gas",17.00,357.00,527.00,21,31,116.70,3480,15.40,"FWD","6-speed automatic",3.50,"DOHC","V","6","24","248","4700","268","6200",36.70,"G","G","G","G","G","ADVANCED",8.40,"8373.3","2898.45","1932.3","1932.3","1610.25","1288.2","14170.2"
3611,"32205","5","4",71.70,57.90,190.90,109.30,37.90,41.60,58.00,38.00,38.90,56.60,"Regular","Gas",17.00,357.00,527.00,21,31,116.70,3460,15.40,"FWD","6-speed automatic",3.50,"DOHC","V","6","24","248","4700","268","6200",36.70,"G","G","G","G","G","ADVANCED",8.40,"8373.3","2898.45","1932.3","1932.3","1610.25","1288.2","14170.2"
3618,"33120","5","4",72.20,57.50,195.30,111.00,37.60,42.10,58.20,37.90,39.20,57.00,"Regular","Flex-fuel",17.00,357.00,527.00,21,31,119.60,3505,16.00,"FWD","6-speed automatic",3.50,"DOHC","V","6","24","248","4700","268","6200",37.40,"G","G","G","G","G","BASIC",8.40,"8611.2","2980.8","1987.2","1987.2","1656","1324.8","14572.8"
3620,"33485","5","4",72.20,57.50,195.30,111.00,38.50,42.10,58.20,37.90,39.20,57.00,"Regular","Gas",17.00,357.00,527.00,21,31,119.60,3461,16.00,"FWD","6-speed automatic",3.50,"DOHC","V","6","24","248","4700","268","6200",40.00,"G","G","G","G","G","SUPERIOR",8.40,"8706.1","3013.65","2009.1","2009.1","1674.25","1339.4","14733.4"
3688,"38940","5","4",71.70,57.10,193.30,111.00,37.50,41.90,57.60,37.50,40.00,55.00,"Regular unleaded","Gas",17.00,361.20,533.20,21,31,115.30,3571,15.20,"FWD","6-speed automatic",3.50,"DOHC","V","6","24","248","4700","268","6200",37.40,"G","G","G","G","G","SUPERIOR",8.70,"10124.4","3504.6","2336.4","2336.4","1947","1557.6","17133.6"
3714,"46555","5","4",72.20,57.20,195.50,114.60,40.40,45.70,56.90,37.50,35.40,54.80,"Premium","Gas",19.00,399.00,589.00,21,31,110.70,3655,13.70,"RWD","8-speed automatic",2.00,"DOHC","Inline","4","16","295","3000","268","5600",37.40,"M","G","G","G","G","SUPERIOR",9.20,"12104.3","4189.95","2793.3","2793.3","2327.75","1862.2","20484.2"
3763,"42515","5","4",73.00,57.00,190.30,109.30,37.20,42.60,57.50,36.70,34.50,55.40,"Premium","Gas",17.20,361.20,533.20,21,31,106.50,3748,13.20,"AWD","9-speed automatic",3.50,"SOHC","V","6","24","267","4500","290","6200",39.50,"A","G","G","G","G","SUPERIOR",8.00,"11053.9","3826.35","2550.9","2550.9","2125.75","1700.6","18706.6"
3803,"38640","5","4",71.10,57.10,192.70,111.00,37.50,41.90,57.60,37.50,40.00,55.00,"Regular","Gas",17.20,361.20,533.20,21,31,115.30,3549,15.20,"FWD","6-speed automatic",3.50,"DOHC","V","6","24","248","4700","268","6200",37.40,"G","G","G","G","G","ADVANCED",8.70,"10046.4","3477.6","2318.4","2318.4","1932","1545.6","17001.6"
3857,"33535","5","4",73.00,55.80,189.10,106.70,37.40,41.60,56.00,36.60,37.30,54.70,"Premium","Gas",18.50,407.00,573.50,22,31,106.80,3369,13.20,"FWD","6-speed automatic",2.00,"DOHC","Inline","4","16","207","1700","200","5100",37.40,"M","G","G","G","G","FCW NOT QUALIFIED",8.90,"8719.1","3018.15","2012.1","2012.1","1676.75","1341.4","14755.4"
3859,"34960","5","4",73.00,55.80,188.90,106.70,37.40,41.60,56.00,36.60,41.60,56.00,"Premium","Gas",18.50,407.00,573.50,22,31,106.80,3369,13.20,"FWD","6-speed automatic",2.00,"DOHC","Inline","4","16","207","1700","200","5100",37.40,"M","G","G","G","G","NOT AVAILABLE",8.90,"9089.6","3146.4","2097.6","2097.6","1748","1398.4","15382.4"
3947,"30290","5","4",70.60,55.60,179.10,105.10,38.00,42.30,55.60,35.90,34.00,53.50,"Premium","Gas",13.20,290.40,409.20,22,31,101.60,2978,12.30,"FWD","6-speed manual",2.40,"DOHC","Inline","4","16","170","4400","201","7000",36.10,"G","G","G","G","G","NOT AVAILABLE",8.60,"7875.4","2726.1","1817.4","1817.4","1514.5","1211.6","13327.6"
3948,"18330","5","4",70.60,55.60,179.09,105.10,38.00,42.30,55.60,35.90,34.10,53.50,"Premium","Gas",13.20,290.40,409.20,22,31,101.60,2978,12.30,"FWD","6-speed manual",2.40,"DOHC","Inline","4","16","170","4400","201","7000",36.10,"G","G","G","G","G","NOT AVAILABLE",8.40,"4765.8","1649.7","1099.8","1099.8","916.5","733.2","8065.2"
3964,"19930","5","4",70.60,55.60,179.10,105.10,37.90,42.30,55.60,35.90,34.00,53.50,"Premium","Gas",13.20,290.40,409.20,22,31,101.60,2978,12.30,"FWD","6-speed manual",2.40,"DOHC","Inline","4","16","170","4400","201","7000",36.10,"G","G","G","G","G","NOT AVAILABLE",8.40,"5181.8","1793.7","1195.8","1195.8","996.5","797.2","8769.2"
4012,"37975","5","4",73.40,58.20,194.10,112.20,37.90,44.30,57.70,36.50,37.00,55.30,"Regular","Gas",17.50,385.00,542.50,22,31,111.90,3874,15.40,"AWD","6-speed automatic",2.00,"DOHC","Inline","4","16","270","3000","231","5500",38.00,"A","G","G","G","G","BASIC",8.90,"9873.5","3417.75","2278.5","2278.5","1898.75","1519","16709"
4022,"23925","5","4",69.00,56.50,179.40,105.10,37.90,42.00,56.60,36.20,36.20,53.30,"Premium","Flex-fuel",13.20,290.40,409.20,22,31,104.60,3002,12.50,"FWD","6-speed manual",2.40,"DOHC","Inline","4","16","174","4400","205","7000",37.70,"G","G","G","G","G","BASIC",8.70,"6220.5","2153.25","1435.5","1435.5","1196.25","957","10527"
4024,"21430","5","4",69.40,58.70,180.00,103.70,39.60,42.30,54.70,36.90,36.10,54.30,"Regular","Gas",15.50,341.00,480.50,22,31,105.80,2966,12.30,"FWD","5-speed manual",2.40,"DOHC","Inline","4","16","167","4100","168","6000",32.80,"A","G","G","G","G","NOT AVAILABLE",8.70,"5571.8","1928.7","1285.8","1285.8","1071.5","857.2","9429.2"
4034,"18430","5","4",69.40,58.30,182.10,103.70,39.60,42.30,54.70,36.90,36.10,54.30,"Regular","Gas",15.50,372.00,527.00,24,34,105.80,2888,12.30,"FWD","5-speed manual",2.00,"DOHC","Inline","4","16","145","4200","148","6000",32.80,"A","G","G","G","G","NOT AVAILABLE",8.70,"4791.8","1658.7","1105.8","1105.8","921.5","737.2","8109.2"
4050,"26815","4","2",71.20,58.50,168.40,100.00,39.40,41.30,55.30,37.10,31.40,49.00,"Regular","Gas",14.50,333.50,449.50,23,31,100.50,3056,15.40,"FWD","6-speed manual",2.00,"DOHC","Inline","4","16","207","1700","210","5300",35.40,"M","G","G","G","G","NOT AVAILABLE",7.90,"6971.9","2413.35","1608.9","1608.9","1340.75","1072.6","11798.6"
4169,"20830","5","4",69.40,58.30,182.10,103.70,39.60,42.30,54.70,36.90,36.10,54.30,"Regular","Gas",14.50,333.50,449.50,23,31,105.80,3142,12.30,"AWD","CVT",2.40,"DOHC","Inline","4","16","167","4100","168","6000",32.80,"A","G","G","G","G","NOT AVAILABLE",8.70,"5415.8","1874.7","1249.8","1249.8","1041.5","833.2","9165.2"
4273,"27915","4","2",71.20,58.50,168.40,100.00,39.40,41.30,55.30,37.10,31.40,49.00,"Regular","Gas",14.50,348.00,449.50,24,31,100.50,3104,15.40,"FWD","6-speed automatic",2.00,"DOHC","Inline","4","16","207","1700","210","5300",35.40,"M","G","G","G","G","NOT AVAILABLE",7.90,"7257.9","2512.35","1674.9","1674.9","1395.75","1116.6","12282.6"
4348,"41324","5","4",71.30,56.80,184.50,111.80,37.10,41.70,54.70,37.10,35.20,55.00,"Premium","Gas",18.00,432.00,558.00,24,31,88.20,3594,12.60,"4-Wheel Drive","7-speed automatic",2.00,"DOHC","Inline","4","16","273","1300","241","5550",36.80,"G","G","G","G","G","SUPERIOR",8.00,"10744.24","3719.16","2479.44","2479.44","2066.2","1652.96","18182.56"
4350,"23330","5","4",69.40,58.30,182.10,103.70,39.60,42.30,54.70,36.90,36.10,54.30,"Regular","Gas",15.50,341.00,480.50,22,31,104.30,2977,11.80,"FWD","5-speed manual",2.40,"DOHC","Inline","4","16","167","4100","168","6000",32.80,"A","G","G","G","G","NOT AVAILABLE",8.70,"6065.8","2099.7","1399.8","1399.8","1166.5","933.2","10265.2"
4671,"54280","5","4",72.20,57.20,195.50,114.60,40.40,45.70,56.90,37.50,35.40,54.80,"Regular","Gas",19.00,380.00,570.00,20,30,110.70,3765,13.70,"RWD","8-speed automatic",3.60,"DOHC","V","6","24","285","5300","335","6800",37.10,"M","G","G","G","G","SUPERIOR",9.20,"14112.8","4885.2","3256.8","3256.8","2714","2171.2","23883.2"
4832,"27955","5","4",73.00,57.60,191.50,107.80,39.00,42.10,57.50,37.50,36.80,57.10,"Premium","Gas",18.50,388.50,555.00,21,30,116.00,3635,16.30,"FWD","6-speed automatic",2.00,"DOHC","Inline","4","16","295","5200","259","5300",37.40,"G","G","G","G","G","BASIC",8.10,"7268.3","2515.95","1677.3","1677.3","1397.75","1118.2","12300.2"
4877,"29915","5","4",73.10,58.40,190.20,107.80,38.80,42.10,56.70,36.80,37.30,54.40,"Premium","Gas",18.00,370.00,540.00,21,30,111.10,3692,14.20,"FWD","6-speed automatic",2.00,"DOHC","Inline","4","16","295","3000","259","5300",38.10,"G","G","G","G","G","SUPERIOR",8.90,"7777.9","2692.35","1794.9","1794.9","1495.75","1196.6","13162.6"
4882,"30765","5","4",73.10,58.40,190.20,107.80,38.80,42.10,56.70,36.80,37.30,54.40,"Premium","Gas",18.00,378.00,540.00,21,30,111.10,3692,14.20,"FWD","6-speed automatic",2.00,"DOHC","Inline","4","16","295","3000","259","5300",38.10,"G","G","G","G","G","SUPERIOR",8.90,"7998.9","2768.85","1845.9","1845.9","1538.25","1230.6","13536.6"
4930,"37490","5","4",71.30,56.30,183.70,110.20,38.20,44.80,55.90,36.90,32.20,53.40,"Premium","Gas",17.40,365.40,522.00,21,30,104.00,3461,13.80,"RWD","6-speed automatic",2.50,"DOHC","V","6","24","185","4800","204","6400",34.20,"G","G","G","G","G","ADVANCED",8.80,"9747.4","3374.1","2249.4","2249.4","1874.5","1499.6","16495.6"
5302,"22430","5","4",69.40,58.70,180.00,103.70,39.60,42.30,54.70,36.90,36.10,54.30,"Regular","Gas",15.50,356.50,465.00,23,30,105.80,3032,12.30,"FWD","6-speed automatic",2.40,"DOHC","Inline","4","16","167","4100","168","6000",32.80,"A","G","G","G","G","NOT AVAILABLE",8.70,"5831.8","2018.7","1345.8","1345.8","1121.5","897.2","9869.2"
5618,"30540","5","4",73.60,54.90,192.30,108.00,38.70,42.20,58.50,37.40,37.60,56.70,"Regular or E85","Flex-fuel",15.80,284.40,458.20,18,29,115.90,4802,16.00,"AWD","9-speed automatic",3.60,"DOHC","V","6","24","262","4250","295","6350",39.50,"G","G","G","G","G","SUPERIOR",8.00,"7940.4","2748.6","1832.4","1832.4","1527","1221.6","13437.6"
5629,"30020","5","4",73.60,54.90,192.30,108.00,38.70,42.20,58.50,37.40,37.60,56.70,"Regular or E85","Flex-fuel",15.80,284.40,458.20,18,29,115.90,3795,16.00,"AWD","9-speed automatic",3.60,"DOHC","V","6","24","262","4250","295","6350",39.50,"G","G","G","G","G","SUPERIOR",8.00,"7805.2","2701.8","1801.2","1801.2","1501","1200.8","13208.8"
5635,"38950","5","4",74.40,58.30,196.50,118.50,41.10,45.70,58.30,38.20,35.00,57.10,"Regular","Gas",20.30,354.40,588.70,18,29,123.00,4138,15.30,"RWD","8-speed automatic",3.80,"DOHC","V","6","24","293","5000","311","6000",36.20,"G","G","G","G","G","SUPERIOR",9.50,"10127","3505.5","2337","2337","1947.5","1558","17138"
5815,"49540","5","4",72.40,57.30,190.70,112.20,38.00,42.30,57.30,37.80,36.80,55.70,"Premium","Gas",17.40,330.60,504.60,19,29,113.00,3726,14.30,"RWD","8-speed automatic",3.50,"DOHC","V","6","24","277","4800","306","6400",36.80,"G","G","G","G","G","BASIC",9.00,"12880.4","4458.6","2972.4","2972.4","2477","1981.6","21797.6"
5916,"30740","5","4",72.40,59.00,188.80,108.30,40.00,42.90,58.10,37.00,38.10,57.30,"Regular","Gas",18.50,370.00,536.50,20,29,119.60,3666,15.00,"AWD","CVT",3.60,"DOHC","Flat","6","24","247","4400","256","6000",36.80,"G","G","G","G","G","SUPERIOR",8.20,"7992.4","2766.6","1844.4","1844.4","1537","1229.6","13525.6"
5932,"30390","5","4",72.40,59.00,188.80,108.30,40.00,42.90,58.10,37.00,38.10,57.30,"Regular","Gas",18.50,370.00,518.00,20,28,119.60,3662,15.00,"AWD","6-speed automatic",3.60,"DOHC","Flat","6","24","247","4400","256","6000",36.80,"G","G","G","G","G","SUPERIOR",8.30,"7901.4","2735.1","1823.4","1823.4","1519.5","1215.6","13371.6"
5968,"36310","5","4",73.70,65.00,184.40,105.70,38.70,42.00,58.70,38.10,38.30,57.20,"Premium","Gas",16.00,320.00,464.00,20,29,129.60,3737,26.10,"FWD","6-speed automatic",3.50,"DOHC","V","6","24","252","4900","279","6200",38.90,"G","G","G","G","G","SUPERIOR",8.20,"9440.6","3267.9","2178.6","2178.6","1815.5","1452.4","15976.4"
6080,"38055","5","4",71.80,56.80,188.30,112.20,40.20,44.50,56.70,37.50,35.10,56.10,"Premium","Gas",20.00,400.00,580.00,20,29,101.90,3574,13.50,"RWD","7-speed automatic",3.70,"DOHC","V","6","24","269","5200","328","7000",36.70,"A","G","G","G","G","SUPERIOR",8.10,"9894.3","3424.95","2283.3","2283.3","1902.75","1522.2","16744.2"
6117,"34995","5","4",73.20,57.90,193.70,112.00,40.30,45.50,58.30,37.60,36.80,56.40,"Regular","Gas",18.50,370.00,536.50,20,29,123.30,3684,16.30,"FWD","6-speed automatic",3.30,"DOHC","V","6","24","255","5200","293","6400",36.50,"G","G","G","G","G","BASIC",9.10,"9098.7","3149.55","2099.7","2099.7","1749.75","1399.8","15397.8"
6121,"34895","5","4",73.20,57.90,193.70,112.00,40.30,45.50,58.30,37.60,36.80,56.40,"Regular","Gas",18.50,370.00,536.50,20,29,123.30,3684,16.30,"FWD","6-speed automatic",3.30,"DOHC","V","6","24","255","5200","293","6400",36.50,"G","G","G","G","G","BASIC",9.10,"9072.7","3140.55","2093.7","2093.7","1744.75","1395.8","15353.8"
6376,"21381","5","4",72.40,56.70,185.60,106.50,37.60,42.40,57.80,37.00,34.30,56.10,"Premium","Gas",18.50,388.50,536.50,21,29,108.50,3415,14.00,"FWD","6-speed manual",2.40,"DOHC","Inline","4","16","172","4300","201","7000",36.70,"M","G","G","G","G","NOT AVAILABLE",9.30,"5559.06","1924.29","1282.86","1282.86","1069.05","855.24","9407.64"
6388,"48555","5","4",72.20,57.20,195.50,114.60,40.40,45.70,56.90,37.50,35.40,54.80,"Premium","Gas",19.00,399.00,551.00,21,29,110.70,3820,13.70,"AWD","8-speed automatic",2.00,"DOHC","Inline","4","16","295","3000","268","5600",39.00,"M","G","G","G","G","SUPERIOR",9.20,"12624.3","4369.95","2913.3","2913.3","2427.75","1942.2","21364.2"
6889,"21830","5","4",69.40,58.70,180.00,103.70,39.60,42.30,54.70,36.90,36.10,54.30,"Regular","Gas",14.50,319.00,420.50,22,29,105.80,3142,12.30,"AWD","CVT",2.40,"DOHC","Inline","4","16","167","4100","168","6000",32.80,"A","G","G","G","G","NOT AVAILABLE",8.70,"5675.8","1964.7","1309.8","1309.8","1091.5","873.2","9605.2"
7335,"31990","5","4",73.10,59.20,196.90,111.70,38.00,41.70,57.40,37.30,40.50,56.00,"Regular or E85","Flex-fuel",18.50,3330.00,518.00,18,28,101.70,3895,13.30,"FWD","6-speed automatic",3.60,"DOHC","V","6","24","264","5300","304","6800",38.80,"G","G","G","G","G","ADVANCED",8.60,"8317.4","2879.1","1919.4","1919.4","1599.5","1279.6","14075.6"
7357,"31990","5","4",73.10,59.20,196.90,111.70,38.00,41.70,57.40,37.30,40.50,56.00,"Regular or E85","Flex-fuel",18.50,333.00,518.00,18,28,116.00,3895,13.30,"FWD","6-speed automatic",3.60,"DOHC","V","6","24","264","5300","304","6800",38.80,"G","G","G","G","G","ADVANCED",8.60,"8317.4","2879.1","1919.4","1919.4","1599.5","1279.6","14075.6"
7432,"22940","5","4",72.80,57.70,191.40,109.30,39.10,42.50,58.60,37.50,38.50,56.50,"Regular","Gas",17.20,412.80,584.80,24,34,119.00,3192,15.80,"FWD","6-speed manual",2.40,"DOHC","Inline","4","16","181","3900","185","6400",38.10,"G","G","G","G","G","BASIC",8.20,"5964.4","2064.6","1376.4","1376.4","1147","917.6","10093.6"
7459,"44875","5","4",73.30,58.80,191.00,111.60,37.80,41.90,57.40,38.30,35.00,56.30,"Regular","Gas",18.50,351.50,518.00,19,28,112.60,4053,14.90,"AWD","6-speed automatic",3.00,"DOHC","Inline","6","24","325","2100","300","5600",40.00,"G","G","G","G","G","SUPERIOR",9.20,"11667.5","4038.75","2692.5","2692.5","2243.75","1795","19745"
7603,"22151","5","4",72.40,56.70,185.60,106.50,37.60,42.40,57.80,37.00,34.30,56.10,"Premium","Gas",18.50,351.50,518.00,19,28,108.50,3680,14.00,"FWD","5-speed automatic",3.50,"SOHC","V","6","24","254","5000","280","6200",38.10,"M","G","G","G","G","NOT AVAILABLE",9.30,"5759.26","1993.59","1329.06","1329.06","1107.55","886.04","9746.44"
7616,"37810","5","4",73.70,65.00,184.40,105.70,38.70,42.00,58.70,38.10,38.30,57.20,"Premium","Gas",16.00,304.00,448.00,19,28,129.60,3902,26.10,"AWD","6-speed automatic",3.50,"DOHC","V","6","24","252","4900","279","6200",38.90,"G","G","G","G","G","SUPERIOR",8.20,"9830.6","3402.9","2268.6","2268.6","1890.5","1512.4","16636.4"
7682,"56280","5","4",72.20,57.20,195.50,114.60,40.40,45.70,56.90,37.50,35.40,54.80,"Regular","Gas",19.00,361.00,532.00,19,28,110.70,3932,13.70,"AWD","8-speed automatic",3.60,"DOHC","V","6","24","285","5300","335","6800",39.00,"M","G","G","G","G","SUPERIOR",9.20,"14632.8","5065.2","3376.8","3376.8","2814","2251.2","24763.2"
7752,"40195","5","4",73.20,57.90,193.70,112.00,40.30,45.50,58.30,37.60,36.80,56.40,"Regular","Gas",18.50,351.50,518.00,19,28,123.30,3871,16.30,"FWD","6-speed automatic",3.30,"DOHC","V","6","24","255","5200","293","6400",36.50,"G","G","G","G","G","BASIC",9.10,"10450.7","3617.55","2411.7","2411.7","2009.75","1607.8","17685.8"
7755,"39095","5","4",73.20,57.90,193.70,112.00,40.30,45.50,58.30,37.60,36.80,56.40,"Regular","Gas",18.50,351.50,518.00,19,28,123.30,3871,16.30,"FWD","6-speed automatic",3.30,"DOHC","V","6","24","255","5200","293","6400",36.50,"G","G","G","G","G","BASIC",9.10,"10164.7","3518.55","2345.7","2345.7","1954.75","1563.8","17201.8"
7771,"39745","5","4",75.90,61.60,205.60,112.90,39.70,41.90,58.60,38.50,38.60,57.40,"Regular","Gas",19.00,361.00,532.00,19,28,123.00,4126,19.20,"FWD","6-speed automatic",3.70,"DOHC","V","6","24","280","4000","305","6500",39.40,"P","G","G","G","G","BASIC",8.90,"10333.7","3577.05","2384.7","2384.7","1987.25","1589.8","17487.8"
7788,"35725","5","4",72.80,58.10,195.70,112.00,40.00,45.50,58.30,37.80,36.80,56.50,"Regular","Gas",18.50,351.50,518.00,19,28,122.70,3670,15.90,"FWD","6-speed automatic",3.30,"DOHC","V","6","24","255","5200","293","6400",36.50,"G","G","G","G","G","NOT AVAILABLE",8.50,"9288.5","3215.25","2143.5","2143.5","1786.25","1429","15719"
7794,"41005","5","4",71.30,56.30,183.70,110.20,38.20,44.80,55.90,36.90,32.20,53.40,"Premium","Gas",17.40,330.60,487.20,19,28,104.00,3593,13.80,"RWD","8-speed automatic",3.50,"DOHC","V","6","24","277","4800","306","6400",34.20,"G","G","G","G","G","ADVANCED",8.80,"10661.3","3690.45","2460.3","2460.3","2050.25","1640.2","18042.2"
7804,"36815","5","4",72.20,58.50,191.60,110.40,38.30,42.40,56.90,37.80,39.10,57.00,"Premium","Gas",18.50,370.00,518.00,20,28,117.90,3481,15.90,"FWD","6-speed automatic",3.60,"DOHC","V","6","24","258","2500","280","6200",36.40,"A","G","G","G","G","NOT AVAILABLE",8.60,"9571.9","3313.35","2208.9","2208.9","1840.75","1472.6","16198.6"
7844,"37655","5","4",72.20,58.50,191.90,110.40,38.30,42.40,56.90,37.80,39.10,57.00,"Premium","Gas",18.50,370.00,518.00,20,28,117.90,3571,15.90,"FWD","6-speed automatic",3.60,"DOHC","V","6","24","258","2500","280","6200",36.40,"G","G","G","G","G","ADVANCED",8.60,"9790.3","3388.95","2259.3","2259.3","1882.75","1506.2","16568.2"
7942,"43705","7","4",77.20,67.60,193.60,111.00,38.10,41.40,61.10,38.30,36.60,59.10,"Premium","Gas",19.50,390.00,546.00,20,28,147.30,4025,14.80,"FWD","6-speed automatic",3.50,"SOHC","V","6","24","267","4500","290","6200",37.60,"G","G","G","G","G","ADVANCED",7.50,"11363.3","3933.45","2622.3","2622.3","2185.25","1748.2","19230.2"
8010,"35835","5","4",73.70,66.10,183.50,105.70,38.70,42.00,58.70,38.10,38.30,57.20,"Premium","Gas",16.00,320.00,448.00,20,28,103.50,3717,26.10,"FWD","6-speed automatic",3.50,"SOHC","V","6","24","273","6200","251","5000",38.90,"G","G","G","G","G","NOT AVAILABLE",8.20,"9317.1","3225.15","2150.1","2150.1","1791.75","1433.4","15767.4"
8189,"27090","5","4",70.70,58.10,180.90,104.30,39.80,43.30,55.60,37.10,35.40,54.20,"Premium","Gas",15.90,333.90,445.20,21,28,108.60,3267,12.00,"AWD","6-speed manual",2.00,"DOHC","Flat","4","16","258","2000","268","5600",35.40,"G","G","G","G","G","NOT AVAILABLE",9.20,"7043.4","2438.1","1625.4","1625.4","1354.5","1083.6","11919.6"
9138,"45140","5","4",73.40,58.40,182.50,109.30,38.60,419.00,57.00,37.60,33.50,55.20,"Regular","Gas",17.80,320.40,480.60,18,27,112.60,3684,12.00,"AWD","6-speed automatic",3.00,"DOHC","Inline","6","24","354","2100","325","5600",39.00,"G","G","G","G","G","SUPERIOR",8.80,"11736.4","4062.6","2708.4","2708.4","2257","1805.6","19861.6"
9191,"31990","5","4",75.00,58.20,198.40,120.20,38.60,41.80,59.50,36.60,40.10,57.90,"Regular","Gas",18.50,333.00,499.50,18,27,120.80,4157,16.50,"AWD","8-speed automatic",3.60,"DOHC","V","6","24","260","4800","292","6350",38.70,"M","G","G","G","G","SUPERIOR",9.10,"8317.4","2879.1","1919.4","1919.4","1599.5","1279.6","14075.6"
9791,"43955","7","4",77.20,67.60,193.60,111.00,38.10,41.40,61.10,38.30,36.60,59.10,"Premium","Gas",19.50,370.50,526.50,19,27,147.30,3960,68.40,"FWD","9-speed automatic",3.50,"SOHC","V","6","24","267","4500","290","6200",38.70,"G","G","G","G","G","SUPERIOR",7.50,"11428.3","3955.95","2637.3","2637.3","2197.75","1758.2","19340.2"
9824,"35835","5","4",73.70,65.00,184.40,105.70,38.70,42.00,58.70,38.10,38.30,57.20,"Premium","Gas",16.00,304.00,432.00,19,27,103.50,3838,26.10,"AWD","6-speed automatic",3.50,"SOHC","V","6","24","251","5000","273","6200",38.90,"G","G","G","G","G","NOT AVAILABLE",8.20,"9317.1","3225.15","2150.1","2150.1","1791.75","1433.4","15767.4"
9903,"39855","5","4",71.80,57.20,188.30,112.20,40.20,44.50,56.70,37.50,35.10,56.10,"Premium","Gas",20.00,380.00,540.00,19,27,101.90,3748,13.50,"AWD","7-speed automatic",3.70,"DOHC","V","6","24","269","5200","328","7000",37.40,"A","G","G","G","G","SUPERIOR",8.10,"10362.3","3586.95","2391.3","2391.3","1992.75","1594.2","17536.2"
10026,"27390","5","4",70.70,58.10,180.90,104.30,39.80,43.30,55.60,37.10,35.40,54.20,"Premium","Gas",15.90,318.00,429.30,20,27,108.60,3269,12.00,"AWD","6-speed manual",2.00,"DOHC","Flat","4","16","258","2000","268","5600",35.40,"G","G","G","G","G","SUPERIOR",9.20,"7121.4","2465.1","1643.4","1643.4","1369.5","1095.6","12051.6"
10202,"40025","5","4",71.30,56.30,183.70,110.20,38.20,44.80,55.90,36.90,32.20,53.40,"Premium","Gas",17.40,348.00,469.80,20,27,104.00,3649,13.80,"AWD","6-speed automatic",2.50,"DOHC","V","6","24","185","4800","204","6400",35.40,"G","G","G","G","G","ADVANCED",8.80,"10406.5","3602.25","2401.5","2401.5","2001.25","1601","17611"
11035,"41425","5","4",73.10,59.20,196.90,111.70,38.00,41.70,57.40,37.30,40.50,56.00,"Regular or E85","Flex-fuel",19.50,331.50,507.00,17,26,101.70,4140,13.30,"AWD","6-speed automatic",3.60,"DOHC","V","6","24","264","5300","304","6800",38.80,"G","G","G","G","G","ADVANCED",8.60,"10770.5","3728.25","2485.5","2485.5","2071.25","1657","18227"
11565,"45955","7","4",77.20,67.60,193.60,111.00,38.10,41.40,61.10,38.30,36.60,59.10,"Premium","Gas",19.50,370.50,526.50,18,26,147.30,3960,68.40,"AWD","9-speed automatic",3.50,"SOHC","V","6","24","267","4500","290","6200",38.70,"G","G","G","G","G","SUPERIOR",7.50,"11948.3","4135.95","2757.3","2757.3","2297.75","1838.2","20220.2"
12050,"41740","5","4",75.90,61.60,205.60,112.90,39.70,41.90,58.60,38.50,38.60,57.40,"Regular","Gas",19.00,342.00,494.00,18,26,123.00,4374,19.20,"AWD","6-speed automatic",3.70,"DOHC","V","6","24","280","4000","305","6500",39.40,"P","G","G","G","G","BASIC",8.90,"10852.4","3756.6","2504.4","2504.4","2087","1669.6","18365.6"
12149,"50755","5","4",72.60,59.10,196.10,114.20,39.10,44.40,58.40,37.70,36.20,56.70,"Premium","Gas",20.00,360.00,520.00,18,26,118.50,3867,14.90,"RWD","7-speed automatic",3.70,"DOHC","V","6","24","270","5200","330","7000",36.70,"G","G","G","G","G","SUPERIOR",10.00,"13196.3","4567.95","3045.3","3045.3","2537.75","2030.2","22332.2"
12202,"51790","5","4",72.40,57.90,190.70,112.20,38.00,42.30,57.30,37.80,36.80,55.70,"Premium unleaded (required)","Gas",17.40,330.60,452.40,19,26,113.00,3891,14.30,"All wheel drive","6-speed automatic",3.50,"Double overhead cam (DOHC)","V","6","24","277","4800","306","6400",37.40,"G","G","G","G","G","ADVANCED",9.00,"13465.4","4661.1","3107.4","3107.4","2589.5","2071.6","22787.6"
12663,"43240","5","4",71.30,56.30,183.70,110.20,38.20,44.80,55.90,36.90,32.20,53.40,"Premium","Gas",17.40,330.60,452.40,19,26,104.00,3737,13.80,"AWD","6-speed automatic",3.50,"DOHC","V","6","24","277","4800","306","6400",35.40,"G","G","G","G","G","ADVANCED",8.80,"11242.4","3891.6","2594.4","2594.4","2162","1729.6","19025.6"
13670,"40990","5","4",75.00,58.30,200.80,120.20,38.60,41.80,59.50,36.60,40.10,57.90,"Premium","Gas",18.50,277.50,462.50,15,25,120.80,4400,16.50,"RWD","8-speed automatic",6.40,"OHV","V","8","16","475","4200","485","6000",37.50,"M","G","G","G","G","SUPERIOR",9.10,"10657.4","3689.1","2459.4","2459.4","2049.5","1639.6","18035.6"
13834,"33990","5","4",75.00,58.20,198.40,120.20,38.60,41.80,59.50,36.60,40.10,57.90,"Regular","Flex-fuel",18.50,296.00,462.50,16,25,120.80,4264,16.50,"RWD","8-speed automatic",5.70,"OHV","V","8","16","395","4200","370","5250",37.70,"M","G","G","G","G","SUPERIOR",9.10,"8837.4","3059.1","2039.4","2039.4","1699.5","1359.6","14955.6"
13898,"41450","5","4",74.40,58.30,196.50,118.50,41.10,45.70,58.30,38.20,35.00,57.10,"Regular","Gas",20.30,324.80,507.50,16,25,123.00,4295,15.30,"AWD","8-speed automatic",3.80,"DOHC","V","6","24","293","5000","311","6000",36.20,"G","G","G","G","G","SUPERIOR",9.50,"10777","3730.5","2487","2487","2072.5","1658","18238"
13983,"44440","5","4",73.00,55.80,189.10,106.70,37.40,41.60,56.00,36.60,41.60,56.00,"Premium","Gas",18.50,314.50,462.50,17,25,106.80,3851,13.20,"AWD","6-speed automatic",3.60,"DOHC","V","6","24","265","2750","280","6200",36.40,"M","G","G","G","G","NOT AVAILABLE",8.90,"11554.4","3999.6","2666.4","2666.4","2222","1777.6","19553.6"
14184,"28962","5","4",74.00,57.20,194.00,109.30,38.40,42.50,58.20,36.70,36.20,56.20,"Premium","Gas",18.50,314.50,462.50,17,25,110.70,3858,12.50,"AWD","6-speed manual",3.70,"SOHC","V","6","24","273","5000","305","6300",38.90,"G","G","G","G","G","NOT AVAILABLE",9.50,"7530.12","2606.58","1737.72","1737.72","1448.1","1158.48","12743.28"
14457,"46735","5","4",75.90,61.60,205.60,112.90,39.70,41.90,58.60,38.50,38.60,57.40,"Regular","Gas",19.00,323.00,475.00,17,25,123.00,4479,19.20,"AWD","6-speed automatic",3.50,"DOHC","V","6","24","350","1500","365","5700",39.40,"P","G","G","G","G","BASIC",8.90,"12151.1","4206.15","2804.1","2804.1","2336.75","1869.4","20563.4"
15280,"30490","5","4",70.70,58.10,180.90,104.30,37.20,43.30,55.60,37.10,35.40,54.20,"Premium","Gas",15.90,302.10,397.50,19,25,105.10,3433,12.00,"AWD","CVT",2.00,"DOHC","Flat","4","16","258","2000","268","5600",35.40,"G","G","G","G","G","NOT AVAILABLE",9.20,"7927.4","2744.1","1829.4","1829.4","1524.5","1219.6","13415.6"
16564,"63755","5","4",72.60,59.10,196.10,114.20,39.10,44.40,58.40,37.70,36.20,56.70,"Premium","Gas",20.00,320.00,480.00,16,24,118.50,4039,14.90,"RWD","7-speed automatic",5.60,"DOHC","V","8","32","417","4400","420","6000",36.70,"G","G","G","G","G","SUPERIOR",10.00,"16576.3","5737.95","3825.3","3825.3","3187.75","2550.2","28052.2"
16591,"63845","5","4",72.60,59.10,196.10,114.20,39.10,44.40,58.40,37.70,36.20,56.70,"Premium","Gas",20.00,320.00,480.00,16,24,103.60,4039,14.90,"RWD","7-speed automatic",5.60,"DOHC","V","8","32","417","4400","420","6000",36.70,"G","G","G","G","G","SUPERIOR",10.00,"16599.7","5746.05","3830.7","3830.7","3192.25","2553.8","28091.8"
17664,"30890","5","4",70.70,58.10,180.90,104.30,37.20,43.30,55.60,37.10,35.40,54.20,"Premium","Gas",15.90,286.20,381.60,18,24,105.10,3450,12.00,"AWD","CVT",2.00,"DOHC","Flat","4","16","258","2000","268","5600",36.00,"G","G","G","G","G","SUPERIOR",9.20,"8031.4","2780.1","1853.4","1853.4","1544.5","1235.6","13591.6"
18079,"52905","5","4",72.60,59.60,196.10,114.20,39.10,44.40,58.40,37.70,36.20,56.70,"Premium","Gas",20.00,340.00,480.00,17,24,118.50,4068,14.90,"AWD","7-speed automatic",3.70,"DOHC","V","6","24","270","5200","330","7000",37.40,"G","G","G","G","G","SUPERIOR",10.00,"13755.3","4761.45","3174.3","3174.3","2645.25","2116.2","23278.2"
19317,"62450","5","4",74.40,58.70,203.10,119.90,38.70,45.10,59.10,37.70,38.80,58.00,"Premium","Gas",20.30,304.50,466.90,15,23,126.00,4553,16.70,"RWD","8-speed automatic",5.00,"DOHC","V","8","32","376","5000","429","6400",39.60,"G","G","G","G","G","NOT AVAILABLE",9.40,"16237","5620.5","3747","3747","3122.5","2498","27478"
19463,"54450","5","4",74.40,58.30,196.50,118.50,39.40,45.70,58.30,38.20,35.00,57.10,"Premium","Gas",20.30,304.50,466.90,15,23,123.00,4541,15.30,"RWD","8-speed automatic",5.00,"DOHC","V","8","32","383","5000","420","6000",36.20,"G","G","G","G","G","SUPERIOR",9.50,"14157","4900.5","3267","3267","2722.5","2178","23958"
20160,"66255","5","4",72.60,59.10,196.10,114.20,39.10,44.40,58.40,37.70,36.20,56.70,"Premium","Gas",20.00,320.00,460.00,16,23,118.50,4248,14.90,"AWD","7-speed automatic",5.60,"DOHC","V","8","32","417","4400","420","6000",37.40,"G","G","G","G","G","SUPERIOR",10.00,"17226.3","5962.95","3975.3","3975.3","3312.75","2650.2","29152.2"
20372,"35490","5","4",70.70,58.10,180.90,104.30,39.80,43.30,55.60,37.10,35.40,54.20,"Premium","Gas",15.90,270.30,365.70,17,23,108.60,3386,12.00,"AWD","6-speed manual",2.50,"DOHC","Flat","4","16","290","4000","305","6000",36.00,"G","G","G","G","G","SUPERIOR",9.20,"9227.4","3194.1","2129.4","2129.4","1774.5","1419.6","15615.6"
21537,"64990","5","4",75.00,58.30,200.80,120.40,38.60,41.80,59.50,36.60,40.10,57.90,"Premium","Gas",18.50,240.50,407.00,13,22,120.80,4575,16.50,"RWD","8-speed automatic",6.20,"OHV","V","8","16","650","4800","707","6000",38.50,"M","G","G","G","G","SUPERIOR",9.10,"16897.4","5849.1","3899.4","3899.4","3249.5","2599.6","28595.6"
44277,"22281","5","4",72.00,57.80,191.90,109.30,40.00,45.00,56.40,37.10,36.10,46.40,"Regular","Gas",18.00,486.00,702.00,27,39,117.30,3197,15.40,"FWD","CVT",2.50,"DOHC","Inline","4","16","180","4000","182","6000",36.10,"G","G","G","G","G","SUPERIOR",7.80,"5793.06","2005.29","1336.86","1336.86","1114.05","891.24","9803.64"
44279,"25570","5","4",69.00,56.30,179.40,105.10,39.00,42.00,56.60,37.10,36.20,53.30,"Regular","Hybrid",13.20,580.80,620.40,44,47,105.30,2873,10.70,"FWD","CVT",1.50,"SOHC","Inline","4","16","127","1000","110","5500",35.40,"G","G","G","G","G","BASIC",8.70,"6648.2","2301.3","1534.2","1534.2","1278.5","1022.8","11250.8"
44280,"20316","5","4",70.60,55.60,179.09,105.10,38.00,42.30,55.60,35.90,34.10,53.50,"Premium","Hybrid",13.20,514.80,501.60,39,38,99.30,2959,10.00,"FWD","CVT",1.50,"SOHC","Inline","4","16","127","1000","111","5500",36.10,"G","G","G","G","G","NOT AVAILABLE",8.40,"5282.16","1828.44","1218.96","1218.96","1015.8","812.64","8939.04"
